pmid,title,journal,year,abstract,authors,tier,relevance_score,matched_keywords,tissues_mentioned,priority_score
18941444,Recombinant AAV serotype and capsid mutant comparison for pulmonary gene transfer of alpha-1-antitrypsin using invasive and noninvasive delivery.,Molecular therapy : the journal of the American Society of Gene Therapy,2009,"Recombinant adeno-associated viral (rAAV) vectors have been widely used in pulmonary gene therapy research. In this study, we evaluated the transduction and expression efficiencies of several AAV serotypes and AAV2 capsid mutants with specific pulmonary targeting ligands in the mouse lung. The noninvasive intranasal delivery was compared with the traditional intratracheal lung delivery. The rAAV8 was the most efficient serotype at expressing alpha-1-antitrypsin (AAT) in the lung among all the tested serotypes and mutants. A dose of 1 x 10(10) vg of rAAV8-CB-AAT transduced a high percentage of cells in the lung when delivered intratrachealy. The serum and the broncho-alveolar lavage fluid (BALF) levels of human AAT (hAAT) were about 6- and 2.5-fold higher, respectively, than those of rAAV5 group. Among the rAAV2 capsid mutants, the rAAV2 capsid mutants that display a peptide sequence from hAAT (""long serpin"") indicated a twofold increase in transgene expression. For most vectors, the serum hAAT levels achieved after intranasal delivery were 1/2 to 1/3 of those with the intratracheal method. Overall, rAAV8 was the most promising vector for the future application in gene therapy of pulmonary diseases such as AAT deficiency-related emphysema.","['Liqun Wang', 'McLaughlin', 'Cossette']",2,8,"transduction, gene expression, transgene expression","liver, lung",36
32576975,Optimization of adeno-associated viral vector-mediated transduction of the corticospinal tract: comparison of four promoters.,Gene therapy,2021,"Adeno-associated viral vectors are widely used as vehicles for gene transfer to the nervous system. The promoter and viral vector serotype are two key factors that determine the expression dynamics of the transgene. A previous comparative study has demonstrated that AAV1 displays efficient transduction of layer V corticospinal neurons, but the optimal promoter for transgene expression in corticospinal neurons has not been determined yet. In this paper, we report a side-by-side comparison between four commonly used promoters: the short CMV early enhancer/chicken β actin (sCAG), human cytomegalovirus (hCMV), mouse phosphoglycerate kinase (mPGK) and human synapsin (hSYN) promoter. Reporter constructs with each of these promoters were packaged in AAV1, and were injected in the sensorimotor cortex of rats and mice in order to transduce the corticospinal tract. Transgene expression levels and the cellular transduction profile were examined after 6 weeks. The AAV1 vectors harbouring the hCMV and sCAG promoters resulted in transgene expression in neurons, astrocytes and oligodendrocytes. The mPGK and hSYN promoters directed the strongest transgene expression. The mPGK promoter did drive expression in cortical neurons and oligodendrocytes, while transduction with AAV harbouring the hSYN promoter resulted in neuron-specific expression, including perineuronal net expressing interneurons and layer V corticospinal neurons. This promoter comparison study contributes to improve transgene delivery into the brain and spinal cord. The optimized transduction of the corticospinal tract will be beneficial for spinal cord injury research.","['Nieuwenhuis', 'Haenzi', 'Hilton']",2,9,"transduction, gene expression, transgene expression","liver, brain, cortex, spinal cord",34
36635457,Improving adeno-associated viral (AAV) vector-mediated transgene expression in retinal ganglion cells: comparison of five promoters.,Gene therapy,2023,"Recombinant adeno-associated viral vectors (AAVs) are an effective system for gene transfer. AAV serotype 2 (AAV2) is commonly used to deliver transgenes to retinal ganglion cells (RGCs) via intravitreal injection. The AAV serotype however is not the only factor contributing to the effectiveness of gene therapies. Promoters influence the strength and cell-selectivity of transgene expression. This study compares five promoters designed to maximise AAV2 cargo space for gene delivery: chicken β-actin (CBA), cytomegalovirus (CMV), short CMV early enhancer/chicken β-actin/short β-globulin intron (sCAG), mouse phosphoglycerate kinase (PGK), and human synapsin (SYN). The promoters driving enhanced green fluorescent protein (eGFP) were examined in adult C57BL/6J mice eyes and tissues of the visual system. eGFP expression was strongest in the retina, optic nerves and brain when driven by the sCAG and SYN promoters. CBA, CMV, and PGK had moderate expression by comparison. The SYN promoter had almost exclusive transgene expression in RGCs. The PGK promoter had predominant expression in both RGCs and AII amacrine cells. The ubiquitous CBA, CMV, and sCAG promoters expressed eGFP in a variety of cell types across multiple retinal layers including Müller glia and astrocytes. We also found that these promoters could transduce human retina ex vivo, although expression was predominantly in glial cells due to low RGC viability. Taken together, this promoter comparison study contributes to optimising AAV-mediated transduction in the retina, and could be valuable for research in ocular disorders, particularly those with large or complex genetic cargos.","['Nieuwenhuis', 'Laperrousaz', 'Tribble']",2,8,"transduction, gene expression, transgene expression","liver, brain",33
19916803,"Comparison of adeno-associated virus pseudotype 1, 2, and 8 vectors administered by intramuscular injection in the treatment of murine phenylketonuria.",Human gene therapy,2010,"Phenylketonuria (PKU) is caused by hepatic phenylalanine hydroxylase (PAH) deficiency and is associated with systemic accumulation of phenylalanine (Phe). Previously we demonstrated correction of murine PKU after intravenous injection of a recombinant type 2 adeno-associated viral vector pseudotyped with type 8 capsid (rAAV2/8), which successfully directed hepatic transduction and Pah gene expression. Here, we report that liver PAH activity and phenylalanine clearance were also restored in PAH-deficient mice after simple intramuscular injection of either AAV2 pseudotype 1 (rAAV2/1) or rAAV2/8 vectors. Serotype 2 AAV vector (rAAV2/2) was also investigated, but long-term phenylalanine clearance has been observed only for pseudotypes 1 and 8. Therapeutic correction was shown in both male and female mice, albeit more effectively in males, in which correction lasted for the entire period of the experiment (>1 year). Although phenylalanine levels began to rise in female mice at about 8-10 months after rAAV2/8 injection they remained only mildly hyperphenylalaninemic thereafter and subsequent supplementation with synthetic tetrahydrobiopterin resulted in a transient decrease in blood phenylalanine. Alternatively, subsequent administration of a second vector with a different AAV pseudotype to avoid immunity against the previously administrated vector was also successful for long-term treatment of female PKU mice. Overall, this relatively less invasive gene transfer approach completes our previous studies and allows comparison of complementary strategies in the development of efficient PKU gene therapy protocols.","['Rebuffat', 'Harding', 'Ding']",2,6,"transduction, gene expression","liver, hepatic",26
29523880,Widespread transduction of astrocytes and neurons in the mouse central nervous system after systemic delivery of a self-complementary AAV-PHP.B vector.,Gene therapy,2018,"Until recently, adeno-associated virus 9 (AAV9) was considered the AAV serotype most effective in crossing the blood-brain barrier (BBB) and transducing cells of the central nervous system (CNS), following systemic injection. However, a newly engineered capsid, AAV-PHP.B, is reported to cross the BBB at even higher efficiency. We investigated how much we could boost CNS transgene expression by using AAV-PHP.B carrying a self-complementary (sc) genome. To allow comparison, 6 weeks old C57BL/6 mice received intravenous injections of scAAV2/9-GFP or scAAV2/PHP.B-GFP at equivalent doses. Three weeks postinjection, transgene expression was assessed in brain and spinal cord. We consistently observed more widespread CNS transduction and higher levels of transgene expression when using the scAAV2/PHP.B-GFP vector. In particular, we observed an unprecedented level of astrocyte transduction in the cortex, when using a ubiquitous CBA promoter. In comparison, neuronal transduction was much lower than previously reported. However, strong neuronal expression (including spinal motor neurons) was observed when the human synapsin promoter was used. These findings constitute the first reported use of an AAV-PHP.B capsid, encapsulating a scAAV genome, for gene transfer in adult mice. Our results underscore the potential of this AAV construct as a platform for safer and more efficacious gene therapy vectors for the CNS.","['Rincon', 'de Vin', 'Duqué']",2,13,"transduction, gene expression, transgene expression, systemic injection, systemic delivery","liver, brain, cortex, spinal cord",26
37746248,Systemic gene therapy using an AAV44.9 vector rescues a neonatal lethal mouse model of propionic acidemia.,Molecular therapy. Methods & clinical development,2023,"Propionic acidemia (PA) is rare autosomal recessive metabolic disorder caused by defects in the mitochondrially localized enzyme propionyl-coenzyme A (CoA) carboxylase. Patients with PA can suffer from lethal metabolic decompensation and cardiomyopathy despite current medical management, which has led to the pursuit of gene therapy as a new treatment option for patients. Here we assess the therapeutic efficacy of a recently described adeno-associated virus (AAV) capsid, AAV44.9, to deliver a therapeutic <i>PCCA</i> transgene in a new mouse model of propionyl-CoA carboxylase α (PCCA) deficiency generated by genome editing. <i>Pcca</i><sup>-/-</sup> mice recapitulate the severe neonatal presentation of PA and manifest uniform neonatal lethality, absent PCCA expression, and increased 2-methylcitrate. A single injection of the AAV44.9 PCCA vector in the immediate newborn period, systemically delivered at a dose of 1e11 vector genome (vg)/pup but not 1e10 vg/pup, increased survival, reduced plasma methylcitrate, and resulted in high levels of transgene expression in the liver and heart in treated <i>Pcca</i><sup>-/-</sup> mice. Our studies not only establish a versatile and accurate new mouse model of PA but further demonstrate that the AAV44.9 vectors may be suitable for treatment of many metabolic disorders where hepato-cardiac transduction following systemic delivery is desired, such as PA, and, by extension, fatty acid oxidation defects and glycogen storage disorders.","['Chandler', 'Di Pasquale', 'Choi']",2,11,"transduction, gene expression, transgene expression, systemic delivery","liver, heart, cardiac",26
14502216,Adeno-associated virus vector-mediated transduction in the cat brain.,Gene therapy,2003,"Adeno-associated virus (AAV) vectors are capable of delivering a therapeutic gene to the mouse brain that can result in long-term and widespread protein production. However, the human infant brain is more than 1000 times larger than the mouse brain, which will make the treatment of global neurometabolic disorders in children more difficult. In this study, we evaluated the ability of three AAV serotypes (1,2, and 5) to transduce cells in the cat brain as a model of a large mammalian brain. The human lysosomal enzyme beta-glucuronidase (GUSB) was used as a reporter gene, because it can be distinguished from feline GUSB by heat stability. The vectors were injected into the cerebral cortex, caudate nucleus, thalamus, corona radiata, internal capsule, and centrum semiovale of 8-week-old cats. The brains were evaluated for gene expression using in situ hybridization and enzyme histochemistry 10 weeks after surgery. The AAV2 vector was capable of transducing cells in the gray matter, while the AAV1 vector resulted in greater transduction of the gray matter than AAV2 as well as transduction of the white matter. AAV5 did not result in detectable transduction in the cat brain.","['Vite', 'Passini', 'Haskins']",2,7,"transduction, gene expression","liver, brain, cerebral, cortex",25
35990749,Targeting the lung epithelium after intravenous delivery by directed evolution of underexplored sites on the AAV capsid.,Molecular therapy. Methods & clinical development,2022,"Advances in adeno-associated virus (AAV) engineering have provided exciting new tools for research and potential solutions for gene therapy. However, the lung has not received the same tailored engineering as other major targets of debilitating genetic disorders. To address this, here we engineered the surface-exposed residues AA452-458 of AAV9 capsid proteins at the three-fold axis of symmetry and employed a Cre-transgenic-based screening platform to identify AAV capsids targeted to the lung after intravenous delivery in mice. Using a custom image processing pipeline to quantify transgene expression across whole tissue images, we found that one engineered variant, AAV9.452sub.LUNG1, displays dramatically improved transgene expression in lung tissue after systemic delivery in mice. This improved transduction extends to alveolar epithelial type II cells, expanding the toolbox for gene therapy research for diseases specific to the lung.","['Goertsen', 'Goeden', 'Flytzanis']",2,10,"transduction, gene expression, transgene expression, systemic delivery","liver, lung",25
39237829,"Construction and utilization of a new generation of bacteriophage-based particles, or TPA, for guided systemic delivery of nucleic acids to tumors.",Nature protocols,2026,"Successful delivery of nucleic acid therapeutics to diseased sites would present a pivotal advancement in cancer treatment. However, progress has been hindered by the lack of efficient tumor-selective vectors via clinical systemic routes, the blood-brain barrier for brain tumors and problems with repeated administrations. We present a new generation of M13 phage-based vectors termed transmorphic phage/adeno-associated virus (AAV) (TPA), wherein the phage genome has been excised to facilitate exclusive packaging of human AAV DNA by phage coat proteins. Here we provide a detailed protocol for the molecular cloning of DNA into the TPA construct, display of disease-specific ligands on the helper phage capsid for cell targeting and entry, and packaging of TPA DNA by helper phage coat proteins in a bacterial host. Furthermore, we provide methods for mammalian cell transduction and assessment of transgene expression in vitro as well as in vivo application of TPA particles in tumor-bearing mice. Unlike other similar methods, our protocol enables high-yield production and control of helper phage quantity in TPA preparations. Moreover, compared with existing M13 phage vectors, TPA particles can accommodate large size transgene inserts, despite being considerably more compact, providing superior gene delivery through enhanced diffusion across the extracellular matrix, improved cellular binding and entry and increased vector DNA accumulation in the nucleus. The protocol encompasses a timeline of 4-5 months, including construction and production of TPA particles with transgene and targeted ligand and in vitro/in vivo testing. This protocol can be conducted by researchers trained in basic molecular biology/bacteriology research techniques.","['Gay', 'Suwan', 'Hajitou']",2,10,"transduction, gene expression, transgene expression, systemic delivery","liver, brain",25
16688207,"Long-term expression and repeated administration of AAV type 1, 2 and 5 vectors in skeletal muscle of immunocompetent adult mice.",Gene therapy,2006,"Adeno-associated viral (AAV) vectors promote long-term gene transfer into muscle in many animal species. Increased expression levels may be obtained by using alternative serotypes in combination with repeated administrations. Here we compared AAV vectors based on serotypes 1, 2 and 5 in immunocompetent mice and assessed the feasibility of multiple administrations of either identical (readministration) or different (cross-administration) serotype-based vectors. A 1-year-long dose-response study confirmed the superiority of recombinant (r)AAV1, achieving transduction levels 5 to 10-fold higher than rAAV2 and rAAV5 in mouse skeletal muscle, respectively. Repeated administration demonstrated that increased gene transfer level was achieved with a second injection of rAAV1 following the first administration of rAAV2 or rAAV5. A readministration study with a vector encoding a different gene allowed the evaluation of gene expression from the second vector only. All three rAAVs were inhibited when the animals were previously exposed to the same serotype. In contrast, no significant change in gene expression from the second vector was observed in cross-administration. A humoral immune response was elicited against the viral capsid for all three serotypes following the initial exposure. Neutralizing antibody (NAB) levels correlated with the vector dose injected. No significant cross-reactivity of NAB from a given serotype toward another was observed in vitro. These data provide the first direct comparative evaluation of re- and cross-administration of rAAV1, rAAV2 and rAAV5 in muscle, and further indicate that rAAV1 is capable of transducing muscle tissue when cross-administered.","['Rivière', 'Danos', 'Douar']",2,6,"transduction, gene expression","muscle, skeletal muscle",24
35637286,"Assessment of AAV9 distribution and transduction in rats after administration through Intrastriatal, Intracisterna magna and Lumbar Intrathecal routes.",Gene therapy,2023,"Challenges in obtaining efficient transduction of brain and spinal cord following systemic AAV delivery have led to alternative administration routes being used in clinical trials that directly infuse the virus into the CNS. However, data comparing different direct AAV injections into the brain remain limited making it difficult to choose optimal routes. Here we tested both AAV9-egfp and AAV9-fLuc delivery via intrastriatal (IST), intracisterna magna (ICM) and lumbar intrathecal (LIT) routes in adult rats and assessed vector distribution and transduction in brain, spinal cord and peripheral tissues. We find that IST infusion leads to robust transgene expression in the striatum, thalamus and cortex with lower peripheral tissue transduction and anti-AAV9 capsid titers compared to ICM or LIT. ICM delivery provided strong GFP and luciferase expression across more brain regions than the other routes and similar expression in the spinal cord to LIT injections, which itself largely failed to transduce the rat brain. Our data highlight the strengths and weaknesses of each direct CNS delivery route which will help with future clinical targeting.","['Chandran', 'Chowdhury', 'Perkinton']",2,9,"transduction, gene expression, transgene expression","liver, brain, cortex, striatum, spinal cord",24
39991760,Intramuscular Injection of rAAV2-retro for Low Motor Neuron Transduction: Evaluating Five Promoters.,International journal of medical sciences,2025,"Recombinant adeno-associated viral vectors (rAAVs) can effectively deliver transgene to the nervous system. The selection of AAV serotype and promoter significantly influences the dynamics of the transgene expression, including its strength and cell-specificity. Previous studies demonstrated that in neonatal mice, the intramuscular (IM) injection of the rAAV2-retro vector could efficiently deliver transgene to lower motor neurons (LMNs) of the brainstem and spinal cord. However, the best promoter for the expression of transgene in the central neural system (CNS) using rAAV2-retro remains undetermined. This study compared five commonly used promoters, including mouse phosphoglycerate kinase (mPGK), CMV early enhancer/chicken β-actin/short β-globulin intron (CAG), human cytomegalovirus (hCMV), chicken β-actin (CBA), and human synapsin (hSyn) promoters. The IM (unilateral gastrocnemius muscle) injection of rAAV2-retro vectors packaged with the reporter constructs containing each promoter was performed in the newborn C57BL/6J mice. The levels of gene expression and the types of cells were examined using the light-sheet illumination imaging technique and confocal microscopy. Our findings revealed that rAAV2-retro primarily targeted the brainstem and spinal cord within the CNS. Among the five promoters tested, CAG and hCMV showed the highest gene expression. Almost all the transduced cells were identified as LMNs. Additionally, gene expression driven by hCMV was found to be dependent of the inclusion of WPRE and β-globin intron elements. Importantly, none of the promoters induced hepatotoxicity, ensuring the safety of rAAV2-retro-mediated expression. This study provided valuable insights for optimizing the rAAV2-retro-mediated gene delivery system to LMNs in the brainstem and spinal cord, which might have potential implications for research on motor neuron-related diseases.","['Gong', 'Gao', 'Wang']",2,9,"transduction, gene expression, transgene expression","liver, brain, muscle, neural, spinal cord",24
37553329,A mosaic adeno-associated virus vector as a versatile tool that exhibits high levels of transgene expression and neuron specificity in primate brain.,Nature communications,2023,"Recent emphasis has been placed on gene transduction mediated through recombinant adeno-associated virus (AAV) vector to manipulate activity of neurons and their circuitry in the primate brain. In the present study, we created a novel vector of which capsid was composed of capsid proteins derived from both of the AAV serotypes 1 and 2 (AAV1 and AAV2). Following the injection into the frontal cortex of macaque monkeys, this mosaic vector, termed AAV2.1 vector, was found to exhibit the excellence in transgene expression (for AAV1 vector) and neuron specificity (for AAV2 vector) simultaneously. To explore its applicability to chemogenetic manipulation and in vivo calcium imaging, the AAV2.1 vector expressing excitatory DREADDs or GCaMP was injected into the striatum or the visual cortex of macaque monkeys, respectively. Our results have defined that such vectors secure intense and stable expression of the target proteins and yield conspicuous modulation and imaging of neuronal activity.","['Kimura', 'Nagai', 'Hatanaka']",2,9,"transduction, gene expression, transgene expression","brain, cortex, striatum",24
34234013,Design and proof of concept for targeted phage-based COVID-19 vaccination strategies with a streamlined cold-free supply chain.,Proceedings of the National Academy of Sciences of the United States of America,2021,"Development of effective vaccines against coronavirus disease 2019 (COVID-19) is a global imperative. Rapid immunization of the entire human population against a widespread, continually evolving, and highly pathogenic virus is an unprecedented challenge, and different vaccine approaches are being pursued. Engineered filamentous bacteriophage (phage) particles have unique potential in vaccine development due to their inherent immunogenicity, genetic plasticity, stability, cost-effectiveness for large-scale production, and proven safety profile in humans. Herein we report the development and initial evaluation of two targeted phage-based vaccination approaches against SARS-CoV-2: dual ligand peptide-targeted phage and adeno-associated virus/phage (AAVP) particles. For peptide-targeted phage, we performed structure-guided antigen design to select six solvent-exposed epitopes of the SARS-CoV-2 spike (S) protein. One of these epitopes displayed on the major capsid protein pVIII of phage induced a specific and sustained humoral response when injected in mice. These phage were further engineered to simultaneously display the peptide CAKSMGDIVC on the minor capsid protein pIII to enable their transport from the lung epithelium into the systemic circulation. Aerosolization of these ""dual-display"" phage into the lungs of mice generated a systemic and specific antibody response. In the second approach, targeted AAVP particles were engineered to deliver the entire S protein gene under the control of a constitutive CMV promoter. This induced tissue-specific transgene expression, stimulating a systemic S protein-specific antibody response in mice. With these proof-of-concept preclinical experiments, we show that both targeted phage- and AAVP-based particles serve as robust yet versatile platforms that can promptly yield COVID-19 vaccine prototypes for translational development.","['Staquicini', 'Tang', 'Markosian']",2,8,"gene expression, transgene expression, tissue-specific","liver, lung",23
40792200,Rapid cochlear gene therapy in adult deaf mice: <i>Vglut3</i> rescue via AAV8 achieves day-1 hearing restoration.,Molecular therapy. Methods & clinical development,2025,"Genetic hearing loss, caused by mutations in critical auditory genes, has seen promising advances through gene therapy, yet the temporal dynamics of early-stage auditory functional recovery and therapeutic transgene expression patterns following intervention remain uncharacterized in preclinical deafness models. This study systematically investigates the post-treatment progression of cochlear functional restoration and spatially resolved transgene expression kinetics in adult <i>Vglut3</i> knockout (<i>Vglut3</i> <sup><i>KO</i></sup> ) mice following adeno-associated virus (AAV)-mediated inner ear gene therapy. AAV8 vectors delivering <i>Vglut3</i> were injected via the posterior semicircular canal (PSCC), with auditory brainstem response (ABR) thresholds and cochlear transgene expression assessed at days 1-14 post-injection. VGLUT3 expression in <i>Vglut3</i> <sup><i>KO</i></sup> mice revealed rapid transduction, detectable in inner hair cells (IHCs) by day 1, peaking at day 14. Remarkably, hearing recovery commenced as early as day 1 post-injection, and plateaued near wild-type (WT) levels by day 5. Functional correlation analysis demonstrated a robust inverse relationship between FLAG expression and hearing thresholds. This study provides critical insights into the dynamic processes underlying cochlear gene therapy and challenges the conventional paradigm that 1-2 weeks are required for functional recovery.","['Zhang', 'Zhai', 'Liu']",2,8,"transduction, gene expression, transgene expression","liver, brain",23
41271662,Multiscale red blood cell hitchhiking for targeted deep tissue gene delivery in lungs.,Nature communications,2025,"The clinical impact of gene therapies is constrained by poor delivery to target tissues beyond the liver after intravenous administration. Current molecular targeting strategies, such as capsid engineering or gene-carrier surface modification, have achieved only limited success due to their inability to overcome the hierarchical barriers from injection to deep tissue transduction. Here, we introduce a Multiscale Approach using RBC-mediated hitchhiking and Vascular Endothelium Leakage (MARVEL), which integrates red blood cell hitchhiking with VEGF-induced vascular permeabilization to enhance accumulation and penetration of cargoes. Using adeno-associated viruses (AAVs) as a model, MARVEL markedly increases AAV localization in the lungs, improves endothelial transcytosis, and enables gene expression in deeper tissue layers while maintaining a favorable safety profile. We further demonstrate that MARVEL can be adopted into an in situ hitchhiking approach, bypassing the need for ex vivo formulation. MARVEL provides a scalable strategy to address long-standing delivery challenges in gene therapy.","['Park', 'Chandran Suja', 'Kim']",2,8,"transduction, gene expression, intravenous administration","liver, lung",23
37272896,Extracellular vesicles enhance pulmonary transduction of stably associated adeno-associated virus following intratracheal administration.,Journal of extracellular vesicles,2023,"Adeno-associated virus (AAV) vector has shown multiple clinical breakthroughs, but its clinical implementation in inhaled gene therapy remains elusive due to difficulty in transducing lung airway cells. We demonstrate here AAV serotype 6 (AAV6) associated with extracellular vesicles (EVs) and secreted from vector-producing HEK-293 cells during vector preparation (EVAAV6) as a safe and highly efficacious gene delivery platform for inhaled gene therapy applications. Specifically, we discovered that EVAAV6 provided markedly enhanced reporter transgene expression in mucus-covered air-liquid interface (ALI) cultures of primary human bronchial and nasal epithelial cells as well as in mouse lung airways compared to standard preparations of AAV6 alone. Of note, AAV6 has been previously shown to outperform other clinically tested AAV serotypes, including those approved by the FDA for treating non-lung diseases, in transducing ALI cultures of primary human airway cells. We provide compelling experimental evidence that the superior performance of EVAAV6 is attributed to the ability of EV to facilitate mucus penetration and cellular entry/transduction of AAV6. The tight and stable linkage between AAV6 and EVs appears essential to exploit the benefits of EVs given that a physical mixture of individually prepared EVs and AAV6 failed to mediate EV-AAV6 interactions or to enhance gene transfer efficacy.","['Kwak', 'Gololobova', 'Sharma']",2,8,"transduction, gene expression, transgene expression","liver, lung",23
33883545,AAV2/9-mediated silencing of PMP22 prevents the development of pathological features in a rat model of Charcot-Marie-Tooth disease 1 A.,Nature communications,2021,"Charcot-Marie-Tooth disease 1 A (CMT1A) results from a duplication of the PMP22 gene in Schwann cells and a deficit of myelination in peripheral nerves. Patients with CMT1A have reduced nerve conduction velocity, muscle wasting, hand and foot deformations and foot drop walking. Here, we evaluate the safety and efficacy of recombinant adeno-associated viral vector serotype 9 (AAV2/9) expressing GFP and shRNAs targeting Pmp22 mRNA in animal models of Charcot-Marie-Tooth disease 1 A. Intra-nerve delivery of AAV2/9 in the sciatic nerve allowed widespread transgene expression in resident myelinating Schwann cells in mice, rats and non-human primates. A bilateral treatment restore expression levels of PMP22 comparable to wild-type conditions, resulting in increased myelination and prevention of motor and sensory impairments over a twelve-months period in a rat model of CMT1A. We observed limited off-target transduction and immune response using the intra-nerve delivery route. A combination of previously characterized human skin biomarkers is able to discriminate between treated and untreated animals, indicating their potential use as part of outcome measures.","['Gautier', 'Hajjar', 'Soares']",2,8,"transduction, gene expression, transgene expression","liver, muscle",23
35780495,Red Blood Cell Anchoring Enables Targeted Transduction and Re-Administration of AAV-Mediated Gene Therapy.,"Advanced science (Weinheim, Baden-Wurttemberg, Germany)",2022,"Adeno-associated virus (AAV)-mediated gene therapy is a promising therapeutic modality for curing many diseases including monogenic diseases. However, limited tissue-targeting and restricted re-administration due to the vector immunogenicity largely restrict its therapeutic potential. Here, using a red blood cell (RBC) as the carrier vehicle for AAV is demonstrated to improve its tissue-targeted transduction and enable its re-administration. Anchoring AAV to the RBC surface minimally affected its infectability toward endothelial cells. Meanwhile, AAV anchored onto RBCs is predominantly delivered to and shows efficient transduction in the lungs by virtue of the biophysical features of RBCs. RBC-anchored AAVs lead to a four- to five-fold enhancement in target gene expression in the lungsas compared to free AAVs following a single- or dual-dosing regimen. While RBC anchoring does not prevent the induction of adaptive immune responses against AAV, it results in successful transgene expression upon re-administration following prior AAV exposure. The ability to re-administer is partially attributed to the delayed and reduced AAV neutralization by neutralizing antibodies, resulting from the combination of limited exposure of physically confined AAVs and the short time required to reach the lungs. This study's findings suggest that the RBC-mediated approach is a promising strategy for repetitive, targeted AAV gene therapy.","['Zhao', 'Kim', 'Suja']",2,8,"transduction, gene expression, transgene expression","liver, lung",23
33652020,Selective targeting of striatal parvalbumin-expressing interneurons for transgene delivery.,Journal of neuroscience methods,2021,"PV<sup>Cre</sup> mice--> combined with AAV-FLEX vectors allowed efficient and specific targeting of PV<sup>+</sup> interneurons in the striatum. However, diffusion of viral particles to the globus pallidus caused massive transduction of PV<sup>+</sup> projection neurons and subsequent anterograde transport of the transgene product to the subthalamic nucleus and the substantia nigra pars reticulata. Different AAV serotypes (1 and 9) and promoters (CBA and human synapsin) were evaluated. The combination of AAV1, a moderate expression level (human synapsin promoter) and a precise adjustment of the stereotaxic coordinates in the anterior and dorsolateral part of the striatum were necessary to avoid transduction of PV<sup>+</sup> GP projection neurons. Even in the absence of direct transduction due to diffusion of viral particles, GP PV<sup>+</sup> projection neurons could be retrogradely transduced via their terminals present in the dorsal striatum. However, in the absence of diffusion, GP-Str PV<sup>+</sup> projection neurons were poorly or not transduced suggesting that retrograde transduction did not significantly impair the selective targeting of striatal PV<sup>+</sup> neurons. Finally, a prominent reduction of the number of striatal PV<sup>+</sup> interneurons (about 50 %) was evidenced in the presence of the Cre recombinase suggesting that functional effects of AAV-mediated transgene expression in PV<sup>+</sup> striatal interneurons in PV<sup>Cre</sup> mice should be analyzed with caution.","['Duarte Azevedo', 'Sander', 'Jeanneret']",2,8,"transduction, gene expression, transgene expression","liver, striatum",23
41376158,Administration of a barcoded AAV capsid library to the putamen of non-human primates identifies variants with efficient retrograde transport.,Molecular therapy : the journal of the American Society of Gene Therapy,2025,"Adeno-associated viral vectors have become a leading choice for gene therapy in the central nervous system due to their safety profile, efficient neuronal transduction, and capacity for sustained transgene expression. We previously reported that AAV2-derived capsids developed using the BRAVE (Barcoded Rational AAV Vector Evolution) approach have enhanced retrograde transport properties in the rodent brain, compared with parental AAV2. Retrograde transport enables broader coverage of connected brain regions after a single focal intraparenchymal brain injection and is therefore a powerful tool for delivery of vectors to distant sites with potentially higher specificity, transduction efficacy, and safety. Because transport properties can vary among species, we further characterized a barcoded library of 25 BRAVE-derived AAV2 capsid variants, along with the parental AAV2 serotype and benchmark AAV capsids, in brains of adult cynomolgus monkeys after intraputaminal dosing. Based on RNA and DNA amplicon sequencing, single-nucleus RNA sequencing, and histological assessment, we report here capsid variants with enhanced retrograde transport and expression compared with the parental AAV2 capsid. These properties make them potentially useful for disease indications in which broader brain coverage is desirable beyond the injection site.","['Dzhashiashvili', 'McBride', 'Fabyanic']",2,8,"transduction, gene expression, transgene expression","liver, brain",23
41124321,"Design and Characterization of 4D-710, an Aerosolized Gene Therapy for Cystic Fibrosis Lung Disease.",American journal of respiratory cell and molecular biology,2025,"Cystic fibrosis (CF) is an autosomal recessive disease caused by variants in the gene encoding the CF transmembrane conductance regulator (CFTR) protein. Delivery of a functional CFTR transgene to airway epithelial cells (AEC) offers the potential to provide durable restoration of normal CFTR function. Adeno-associated virus (AAV) vectors are the leading platform for the delivery of <i>in vivo</i> gene therapy; however, wild-type AAV vectors exhibit a limited capacity to transduce airway cells and evade pre-existing human neutralizing antibodies (NAb). We therefore employed a directed evolution platform to invent a novel AAV capsid (A101) with the capacity to efficiently transduce AECs, including in the presence of NAbs, following aerosolized administration to nonhuman primates (NHP). We then engineered 4D-710, a gene therapy comprising the A101 vector and a <i>CFTR</i> transgene with a partial deletion in the regulatory domain (<i>CFTRΔR</i>) to facilitate vector packaging. 4D-710 exhibited efficient transduction of human bronchial epithelial (HBE) cell air-liquid interface (ALI) cultures in vitro and robust functional activity in CF HBE ALI cultures. Aerosolized administration of 4D-710 to NHPs was well tolerated and resulted in dose-dependent transgene expression and increased CFTR protein in diverse AEC types compared to vehicle controls. No significant differences in <i>CFTRΔR</i> mRNA levels were observed in lung samples from NHPs with pre-existing serum anti-capsid NAbs compared to NAb-negative NHPs. These findings demonstrate the tolerability and feasibility of A101-mediated transgene delivery and expression in primate airways. A clinical trial evaluating aerosol delivery of 4D-710 in adults with CF (NCT05248230) is underway.","['Calton', 'Croze', 'Sullivan']",2,8,"transduction, gene expression, transgene expression","liver, lung",23
39069561,Preclinical evaluation of tissue-selective gene therapies for congenital generalised lipodystrophy.,Gene therapy,2024,"Lipodystrophy is a rare disorder which can be life-threatening. Here individuals fail to develop or maintain appropriate adipose tissue stores. This typically causes severe metabolic complications, including hepatic steatosis and lipoatrophic diabetes. There is no cure for lipodystrophy, and treatment options remain very limited. Here we evaluate whether tissue-selective adeno-associated virus (AAV) vectors can provide a targeted form of gene therapy for lipodystrophy, using a preclinical lipodystrophic mouse model of Bscl2 deficiency. We designed AAV vectors containing the mini/aP2 or thyroxine-binding globulin promoter to selectively target adipose or liver respectively. The AAV-aP2 vectors also contained the liver-specific microRNA-122 target sequence, restricting hepatic transgene expression. Systemic delivery of AAV-aP2 vectors overexpressing human BSCL2 restored adipose tissue development and metabolic health in lipodystrophic mice without detectable expression in the liver. High doses (1 × 10<sup>12</sup> GCs) of liver-selective vectors led to off target expression and adipose tissue development, whilst low doses (1 × 10<sup>10</sup> GCs) expressed selectively and robustly in the liver but did not improve metabolic health. This reveals that adipose tissue-selective, but not liver directed, AAV-mediated gene therapy is sufficient to substantially recover metabolic health in generalised lipodystrophy. This provides an exciting potential new avenue for an effective, targeted, and thereby safer therapeutic intervention.","['Tiwari', 'Roumane', 'Sommer']",2,8,"gene expression, transgene expression, systemic delivery","liver, hepatic",23
37199615,Vector Affinity and Receptor Distribution Define Tissue-Specific Targeting in an Engineered AAV Capsid.,Journal of virology,2023,"Unbiased <i>in vivo</i> selections of diverse capsid libraries can yield engineered capsids that overcome gene therapy delivery challenges like traversing the blood-brain barrier (BBB), but little is known about the parameters of capsid-receptor interactions that govern their improved activity. This hampers broader efforts in precision capsid engineering and is a practical impediment to ensuring the translatability of capsid properties between preclinical animal models and human clinical trials. In this work, we utilize the adeno-associated virus (AAV)-PHP.B-Ly6a model system to better understand the targeted delivery and BBB penetration properties of AAV vectors. This model offers a defined capsid-receptor pair that can be used to systematically define relationships between target receptor affinity and <i>in vivo</i> activity of engineered AAV vectors. Here, we report a high-throughput method for quantifying capsid-receptor affinity and demonstrate that direct binding assays can be used to organize a vector library into families with varied affinity for their target receptor. Our data indicate that efficient central nervous system transduction requires high levels of target receptor expression at the BBB, but it is not a requirement for receptor expression to be limited to the target tissue. We observed that enhanced receptor affinity leads to reduced transduction of off-target tissues but can negatively impact on-target cellular transduction and penetration of endothelial barriers. Together, this work provides a set of tools for defining vector-receptor affinities and demonstrates how receptor expression and affinity interact to impact the performance of engineered AAV vectors in targeting the central nervous system. <b>IMPORTANCE</b> Novel methods for measuring adeno-associated virus (AAV)-receptor affinities, especially in relation to vector performance <i>in vivo</i>, would be useful to capsid engineers as they develop AAV vectors for gene therapy applications and characterize their interactions with native or engineered receptors. Here, we use the AAV-PHP.B-Ly6a model system to assess the impact of receptor affinity on the systemic delivery and endothelial penetration properties of AAV-PHP.B vectors. We discuss how receptor affinity analysis can be used to isolate vectors with optimized properties, improve the interpretation of library selections, and ultimately translate vector activities between preclinical animal models and humans.","['Martino', 'Wang', 'Xu']",2,8,"transduction, tissue-specific, systemic delivery","liver, brain",23
38495109,AAV8 vector induced gliosis following neuronal transgene expression.,Frontiers in neuroscience,2024,"Expression of light sensitive ion channels by selected neurons has been achieved by viral mediated transduction with gene constructs, but for this to have therapeutic uses, for instance in treating epilepsy, any adverse effects of viral infection on the cerebral cortex needs to be evaluated. Here, we assessed the impact of adeno-associated virus 8 (AAV8) carrying DNA code for a soma targeting light activated chloride channel/FusionRed (FR) construct under the CKIIa promoter. Viral constructs were harvested from transfected HEK293 cells <i>in vitro</i> and purified. To test functionality of the opsin, cultured rodent neurons were transduced and the light response of transduced neurons was assayed using whole-cell patch-clamp recordings. <i>In vivo</i> expression was confirmed by immunofluorescence for FR. Unilateral intracranial injections of the viral construct were made into the mouse neocortex and non-invasive fluorescence imaging of FR expression made over 1-4 weeks post-injection using an IVIS Spectrum system. Sections were also prepared from injected mouse cortex for immunofluorescence staining of FR, alongside glial and neuronal marker proteins. <i>In vitro</i>, cortical neurons were successfully transduced, showing appropriate physiological responses to light stimulation. Following injections <i>in vivo</i>, transduction was progressively established around a focal injection site over a 4-week period with spread of transduction proportional to the concentration of virus introduced. Elevated GFAP immunoreactivity, a marker for reactive astrocytes, was detected near injection sites associated with, and proportional to, local FR expression. Similarly, we observed reactive microglia around FR expressing cells. However, we found that the numbers of NeuN+ neurons were conserved close to the injection site, indicating that there was little or no neuronal loss. In control mice, injected with saline only, astrocytosis and microgliosis was limited to the immediate vicinity of the injection site. Injections of opsin negative viral constructs resulted in comparable levels of astrocytic reaction as seen with opsin positive constructs. We conclude that introduction of an AAV8 vector transducing expression of a transgene under a neuron specific promotor evokes a mild inflammatory reaction in cortical tissue without causing extensive short-term neuronal loss. The expression of an opsin in addition to a fluorescent protein does not significantly increase neuroinflammation.","['McLeod', 'McDermott', 'Mak']",2,8,"transduction, gene expression, transgene expression","cerebral, cortex",23
37291262,Hardwiring tissue-specific AAV transduction in mice through engineered receptor expression.,Nature methods,2023,"The development of transgenic mouse models that express genes of interest in specific cell types has transformed our understanding of basic biology and disease. However, generating these models is time- and resource-intensive. Here we describe a model system, SELective Expression and Controlled Transduction In Vivo (SELECTIV), that enables efficient and specific expression of transgenes by coupling adeno-associated virus (AAV) vectors with Cre-inducible overexpression of the multi-serotype AAV receptor, AAVR. We demonstrate that transgenic AAVR overexpression greatly increases the efficiency of transduction of many diverse cell types, including muscle stem cells, which are normally refractory to AAV transduction. Superior specificity is achieved by combining Cre-mediated AAVR overexpression with whole-body knockout of endogenous Aavr, which is demonstrated in heart cardiomyocytes, liver hepatocytes and cholinergic neurons. The enhanced efficacy and exquisite specificity of SELECTIV has broad utility in development of new mouse model systems and expands the use of AAV for gene delivery in vivo.","['Zengel', 'Wang', 'Seo']",2,7,"transduction, tissue-specific","liver, muscle, heart",22
40458203,Efficacy and preliminary safety assessment of EXG001-307 AAV gene therapy for spinal muscular atrophy.,Molecular therapy. Methods & clinical development,2025,"Spinal muscular atrophy (SMA) is an autosomal recessive neurodegenerative disorder characterized by progressive muscular weakness due to the loss of lower motor neurons. The most severe and common form, SMA type 1 (Werdnig-Hoffmann disease), is a devastating childhood condition. Exegenesis Bio is developing EXG001-307, a recombinant adeno-associated virus (rAAV) gene therapy, for SMA type 1 patients lacking functional <i>SMN1</i> and possessing only 1-2 copies of <i>SMN2</i>. EXG001-307 is an AAV9-based gene therapy vector containing a human SMN cDNA expression cassette driven by a neuron-specific promoter (human synapsin promoter) with cytomegalovirus (CMV) enhancer. In preclinical studies using an SMA mouse model, EXG001-307 demonstrated significant therapeutic efficacy, as evidenced by improved survival rates, enhanced weight gain, and restoration of motor functions. Additionally, EXG001-307 showed reduced transgene expression in the heart, leading to a significantly improved safety profile compared to currently available therapy, without treatment-related deaths even at a very high dose (6 × 10<sup>14</sup> vg/kg). Cardiac and hepatic toxicities observed in the benchmark-treated animals were significantly minimized in EXG001-307-treated groups. These results support the continued clinical development of EXG001-307 as a safer and more effective gene therapy for SMA, with ongoing clinical trials (NCT05614531) expected to confirm its therapeutic potential.","['Song', 'Wang', 'Zhu']",2,7,"gene expression, transgene expression","heart, hepatic, cardiac",22
41162685,A targeted vector for brain endothelial cell gene delivery and cerebrovascular malformation modelling.,Nature biomedical engineering,2025,"Defects in brain endothelial cells (brainECs) can cause severe cerebrovascular malformations, including arteriovenous malformation (AVM) and cerebral cavernous malformation. The lack of appropriate tools for cerebrovascular disease modelling and local genetic manipulation of the brain vasculature hinders research on cerebrovascular malformations. Here we develop a recombinant adeno-associated virus (rAAV) tool termed miniBEND (rAAV-based mini-system for brain endothelial cells, rAAV-miniBEND), which combines a minimal promoter and an optimized cis-acting element isolated from the mouse gene Tek. This system activates gene expression specifically in mouse and rat brainECs. rAAV-miniBEND achieved high-efficiency and high-specificity gene expression in brainECs through intracranial injection at various developmental stages and through intravenous administration at all postnatal stages in mice. Furthermore, we used rAAV-miniBEND to model sporadic cerebral cavernous malformations mediated by MAP3K3<sup>I441M</sup> and AVMs mediated by Braf<sup>V600E</sup>. Somatic expression of Braf<sup>V600E</sup> in brainECs induced an AVM phenotype, revealing that brainEC proliferation is important for AVM development. Thus, our rAAV-miniBEND system provides a widely applicable tool for cerebrovascular disease modelling and local or global brainEC gene delivery.","['Li', 'Bi', 'Chen']",2,7,"gene expression, intravenous administration","liver, brain, cerebral",22
32363345,"Gene Transfer in Rodent Nervous Tissue Following Hindlimb Intramuscular Delivery of Recombinant Adeno-Associated Virus Serotypes AAV2/6, AAV2/8, and AAV2/9.",Neuroscience insights,2019,"Recombinant adeno-associated virus (rAAV) vectors have emerged as the safe vehicles of choice for long-term gene transfer in mammalian nervous system. Recombinant adeno-associated virus-mediated localized gene transfer in adult nervous system following direct inoculation, that is, intracerebral or intrathecal, is well documented. However, recombinant adeno-associated virus delivery in defined neuronal populations in adult animals using less-invasive methods as well as avoiding ectopic gene expression following systemic inoculation remain challenging. Harnessing the capability of some recombinant adeno-associated virus serotypes for retrograde transduction may potentially address such limitations (Note: The term <i>retrograde transduction</i> in this manuscript refers to the uptake of injected recombinant adeno-associated virus particles at nerve terminals, retrograde transport, and subsequent transduction of nerve cell soma). In some studies, recombinant adeno-associated virus serotypes 2/6, 2/8, and 2/9 have been shown to exhibit transduction of connected neuroanatomical tracts in adult animals following lower limb intramuscular recombinant adeno-associated virus delivery in a pattern suggestive of retrograde transduction. However, an extensive side-by-side comparison of these serotypes following intramuscular delivery regarding tissue viral load, and the effect of promoter on transgene expression, has not been performed. Hence, we delivered recombinant adeno-associated virus serotypes 2/6, 2/8, or 2/9 encoding enhanced green fluorescent protein (eGFP), under the control of either cytomegalovirus (CMV) or human synapsin (hSyn) promoter, via a single unilateral hindlimb intramuscular injection in the bicep femoris of adult C57BL/6J mice. Four weeks post injection, we quantified viral load and transgene (enhanced green fluorescent protein) expression in muscle and related nervous tissues. Our data show that the select recombinant adeno-associated virus serotypes transduce sciatic nerve and groups of neurons in the dorsal root ganglia on the injected side, indicating that the intramuscular recombinant adeno-associated virus delivery is useful for achieving gene transfer in local neuroanatomical tracts. We also observed sparse recombinant adeno-associated virus viral delivery or eGFP transduction in lumbar spinal cord and a noticeable lack thereof in brain. Therefore, further improvements in recombinant adeno-associated virus design are warranted to achieve efficient widespread retrograde transduction following intramuscular and possibly other peripheral routes of delivery.","['Jan', 'Richner', 'Vægter']",2,9,"transduction, gene expression, transgene expression","liver, brain, muscle, cerebral, spinal cord",22
30581888,AAV Gene Transfer with Tandem Promoter Design Prevents Anti-transgene Immunity and Provides Persistent Efficacy in Neonate Pompe Mice.,Molecular therapy. Methods & clinical development,2019,"Hepatocyte-restricted, AAV-mediated gene transfer is being used to provide sustained, tolerogenic transgene expression in gene therapy. However, given the episomal status of the AAV genome, this approach cannot be applied to pediatric disorders when hepatocyte proliferation may result in significant loss of therapeutic efficacy over time. In addition, many multi-systemic diseases require widespread expression of the therapeutic transgene that, when provided with ubiquitous or tissue-specific non-hepatic promoters, often results in anti-transgene immunity. Here we have developed tandem promoter monocistronic expression cassettes that, packaged in a single AAV, provide combined hepatic and extra-hepatic tissue-specific transgene expression and prevent anti-transgene immunity. We validated our approach in infantile Pompe disease, a prototype disease caused by lack of the ubiquitous enzyme acid-alpha-glucosidase (GAA), presenting multi-systemic manifestations and detrimental anti-GAA immunity. We showed that the use of efficient tandem promoters prevents immune responses to GAA following systemic AAV gene transfer in immunocompetent Gaa-/- mice. Then we demonstrated that neonatal gene therapy with either AAV8 or AAV9 in Gaa-/- mice resulted in persistent therapeutic efficacy when using a tandem liver-muscle promoter (LiMP) that provided high and persistent transgene expression in non-dividing extra-hepatic tissues. In conclusion, the tandem promoter design overcomes important limitations of AAV-mediated gene transfer and can be beneficial when treating pediatric conditions requiring persistent multi-systemic transgene expression and prevention of anti-transgene immunity.","['Colella', 'Sellier', 'Costa Verdera']",2,9,"gene expression, transgene expression, tissue-specific","liver, muscle, hepatic",22
39617804,AAV delivery strategy with mechanical support for safe and efficacious cardiac gene transfer in swine.,Nature communications,2024,"Adeno-associated virus-based gene therapy is a promising avenue in heart failure treatment, but has shown limited cardiac virus uptake in humans, requiring new approaches for clinical translation. Using a Yorkshire swine ischemic heart failure model, we demonstrate significant improvement in gene uptake with temporary coronary occlusions assisted by mechanical circulatory support. We first show that mechanical support during coronary artery occlusions prevents hemodynamic deterioration (n = 5 female). Subsequent experiments show that coronary artery occlusions during gene delivery improve gene transduction, while adding coronary sinus occlusion (Stop-flow) further improves gene expression up to >1 million-fold relative to conventional intracoronary infusion. Complete survival during and after delivery (n = 10 female, n = 10 male) further indicates safety of the approach. Improved cardiac gene expression correlates with virus uptake without an increase in extra-cardiac expression. Stop-flow delivery of virus-sized gold nanoparticles exhibits enhanced endothelial adherence and uptake, suggesting a mechanism independent of virus biology. Together, utilizing mechanical support for cardiac gene delivery offers a clinically-applicable strategy for heart failure-targeted therapies.","['Mazurek', 'Tharakan', 'Mavropoulos']",2,7,"transduction, gene expression","liver, heart, cardiac",22
41428486,Targeted gene transfer into developmentally defined cell populations of the primate brain.,Cell reports,2026,"The primate brain possesses unique physiological and developmental features, yet its systematic investigation has been hampered by a paucity of transgenic germline models and tools. Here, we present a minimally invasive method to introduce transgenes widely across the primate cerebral cortex using ultrasound-guided fetal intracerebroventricular viral injections (FIVIs). FIVI enables efficient and long-lasting transgene expression following intrauterine delivery of recombinant adeno-associated viruses (rAAVs). In the marmoset, we demonstrate that adjusting gestational timing, rAAV serotype, and transcriptional regulatory elements enables selective targeting of defined cell populations, including layer-restricted labeling and Cre-dependent intersectional access. Pilot experiments in rats further demonstrate the potential of FIVIs for prenatal CRISPR-based gene editing and labeling of peripheral somatosensory and retinal pathways. By mimicking key desirable features of germline transgenic models, this efficient and targeted method for gene transfer into the fetal primate brain expands the experimental opportunities for basic and translational neuroscience research across the lifespan.","['Ribeiro Gomes', 'Hamel', 'Mastwal']",2,7,"gene expression, transgene expression","liver, brain, cerebral, cortex",22
31972133,AAV Vector Immunogenicity in Humans: A Long Journey to Successful Gene Transfer.,Molecular therapy : the journal of the American Society of Gene Therapy,2020,"Gene therapy with adeno-associated virus (AAV) vectors has demonstrated safety and long-term efficacy in a number of trials across target organs, including eye, liver, skeletal muscle, and the central nervous system. Since the initial evidence that AAV vectors can elicit capsid T cell responses in humans, which can affect the duration of transgene expression, much progress has been made in understanding and modulating AAV vector immunogenicity. It is now well established that exposure to wild-type AAV results in priming of the immune system against the virus, with development of both humoral and T cell immunity. Aside from the neutralizing effect of antibodies, the impact of pre-existing immunity to AAV on gene transfer is still poorly understood. Herein, we review data emerging from clinical trials across a broad range of gene therapy applications. Common features of immune responses to AAV can be found, suggesting, for example, that vector immunogenicity is dose-dependent, and that innate immunity plays an important role in the outcome of gene transfer. A range of host-specific factors are also likely to be important, and a comprehensive understanding of the mechanisms driving AAV vector immunogenicity in humans will be key to unlocking the full potential of in vivo gene therapy.","['Costa Verdera', 'Kuranda', 'Mingozzi']",2,7,"gene expression, transgene expression","liver, muscle, skeletal muscle",22
39398225,Precision and efficacy of RNA-guided DNA integration in high-expressing muscle loci.,Molecular therapy. Nucleic acids,2024,"Gene replacement therapies primarily rely on adeno-associated virus (AAV) vectors for transgene expression. However, episomal expression can decline over time due to vector loss or epigenetic silencing. CRISPR-based integration methods offer promise for long-term transgene insertion. While the development of transgene integration methods has made substantial progress, identifying optimal insertion loci remains challenging. Skeletal muscle is a promising tissue for gene replacement owing to low invasiveness of intramuscular injections, relative proportion of body mass, the multinucleated nature of muscle, and the potential for reduced adverse effects. Leveraging endogenous promoters in skeletal muscle, we evaluated two highly expressing loci using homology-independent targeted integration (HITI) to integrate reporter or therapeutic genes in mouse myoblasts and skeletal muscle tissue. We hijacked the muscle creatine kinase (<i>Ckm</i>) and myoglobin (<i>Mb</i>) promoters by co-delivering CRISPR-Cas9 and a donor plasmid with promoterless constructs encoding green fluorescent protein (GFP) or human Factor IX (hFIX). Additionally, we deeply profiled our genome and transcriptome outcomes from targeted integration and evaluated the safety of the proposed sites. This study introduces a proof-of-concept technology for achieving high-level therapeutic gene expression in skeletal muscle, with potential applications in targeted integration-based medicine and synthetic biology.","['Padmaswari', 'Bulliard', 'Agrawal']",2,7,"gene expression, transgene expression","liver, muscle, skeletal muscle",22
41445184,Transgene-induced cardiotoxicity in high-dose AAV gene transfer.,Molecular therapy : the journal of the American Society of Gene Therapy,2025,"Gene delivery technologies based on adeno-associated virus (AAV) vectors have yielded promising results for the treatment of monogenic diseases. Preclinical studies and clinical trials have highlighted that infusing high AAV vector doses can induce cytotoxicity, resulting in the death of the patient in a few cases. In the wake of signs of cardiac symptoms in several human patients after gene transfer, we investigated the effects on the heart of systemic administration of high doses of AAV vectors expressing three different transgenes, corresponding to Duchenne muscular dystrophy, γ-sarcoglycanopathy, and fukutin-related protein deficiency. In all these cases, we observed the possibility of cardiotoxicity with high-dose injections that we related to transgene expression. Consequently, strategies reducing or preventing expression in the heart prevented the appearance of such cardiotoxicity and were also confirmed to be safe in non-human primates. Dissection of the mechanisms at stake revealed activation of stress cascades, leading to cardiomyocyte death due to protein overload or abnormal homeostasis of location or function of the specific protein. Our data highlighted a particular sensitivity of the heart to transgene expression, suggesting the importance of finely regulating the expression of transgenes in this vital organ in any gene therapy approach.","['Biquand', 'Gicquel', 'Poupiot']",2,7,"gene expression, transgene expression","liver, heart, cardiac",22
41411128,Muscle satellite cell editing by LNP-CRISPR-Cas9 to resist muscle injury.,Cell reports,2026,"Muscle satellite cells are essential for skeletal muscle regeneration and represent an attractive therapeutic target for gene delivery in Duchenne muscular dystrophy (DMD). However, efficient in vivo transduction of these cells has remained challenging. Here, we demonstrate that lipid nanoparticle (LNP)-mediated delivery of Streptococcus pyogenes CRISPR-Cas9 mRNA and guide RNA (LNP-CRISPR) induces exon skipping in Pax7-positive satellite cells more efficiently than adeno-associated virus (AAV) vectors following intramuscular or intravenous administration in a DMD mouse model. Furthermore, unlike AAV-CRISPR, LNP-CRISPR-mediated genome editing showed greater resistance to repeated muscle injuries, indicating successful editing of regenerative satellite cells. These results highlight the potential of LNPs as a non-viral platform for durable genome editing in skeletal muscle and lay the foundation for developing safe and sustainable genome-editing therapies for DMD.","['Mochida', 'Fujimoto', 'Asahina']",2,7,"transduction, intravenous administration","liver, muscle, skeletal muscle",22
32355866,Intra-CSF AAV9 and AAVrh10 Administration in Nonhuman Primates: Promising Routes and Vectors for Which Neurological Diseases?,Molecular therapy. Methods & clinical development,2020,"The identification of the most efficient method for whole central nervous system targeting that is translatable to humans and the safest route of adeno-associated virus (AAV) administration is a major concern for future applications in clinics. Additionally, as many AAV serotypes were identified for gene introduction into the brain and the spinal cord, another key to human gene-therapy success is to determine the most efficient serotype. In this study, we compared lumbar intrathecal administration through catheter implantation and intracerebroventricular administration in the cynomolgus macaque. We also evaluated and compared two AAV serotypes that are currently used in clinical trials: AAV9 and AAVrh10. We demonstrated that AAV9 lumbar intrathecal delivery using a catheter achieved consistent transgene expression in the motor neurons of the spinal cord and in the neurons/glial cells of several brain regions, whereas AAV9 intracerebroventricular delivery led to a consistent transgene expression in the brain. In contrast, AAVrh10 lumbar intrathecal delivery led to rare motor neuron targeting. Finally, we found that AAV9 efficiently targets respiratory and skeletal muscles after injection into the cerebrospinal fluid (CSF), which represents an outstanding new property that can be useful for the treatment of diseases affecting both the central nervous system and muscle.","['Bey', 'Deniaud', 'Dubreil']",2,7,"gene expression, transgene expression","liver, brain, muscle, skeletal muscle, spinal cord",22
38970421,Have a Little Heart (or Not): Highly Minimized Skeletal Muscle Regulatory Cassettes with Low or No Activity in the Heart.,Human gene therapy,2024,"Adeno-associated virus-mediated gene therapies for certain muscle disorders require regulatory cassettes that provide high-level, striated muscle-specific activity. However, cardiotoxicity has emerged as a serious concern in clinical trials for Duchenne muscular dystrophy and X-linked myotubular myopathy. While this may be caused by systemic inflammatory effects of the treatment, high transgene expression in the heart may also play a role. Thus, certain muscle disorders may require a modulated level of therapeutic expression in the heart, while others may not require any cardiac expression at all. Additionally, the size of some cargos requires regulatory cassettes to be small enough that large cDNAs and other therapeutic payloads can be accommodated. Thus, we have performed enhancer/promoter optimization to develop highly minimized regulatory cassettes that are active in skeletal muscles, with either low or no detectable activity in cardiac muscle. Our No-heart (NH) cassette is active in most skeletal muscles, but exhibits only very low activity in extensor digitorum longus (EDL), soleus, and diaphragm, and no activity in the heart. By contrast, our Have a Little Heart (HLH) cassette displays high activity in most skeletal muscles, comparable to the ∼800-bp CK8 cassette, with increased activity in EDL, soleus, and diaphragm, and low activity in the heart. Due to their small size, these cassettes can be used in therapeutic strategies with both flexible (<i>e.g.,</i> antisense) and stringent (<i>e.g.,</i> CRISPR/Cas or bicistronic) size limitations. Thus, our new cassettes may be useful for gene therapies of muscle disorders in which the need for low or almost no expression in cardiac muscle would outweigh the need for high levels of therapeutic product in certain skeletal muscles.","['Himeda', 'Jones', 'Jones']",2,7,"gene expression, transgene expression","muscle, heart, cardiac, skeletal muscle",22
41108077,Biological pacemaker induced by focal cardiac transduction with AAV-TBX18.,Molecular therapy : the journal of the American Society of Gene Therapy,2026,"When injected into the heart, adenovirally packaged T-box transcription factor 18 (TBX18) induces biological pacemaker activity, but immunological clearance of transduced cells limits efficacy. Here, we investigated whether expressing TBX18 in the less inflammatory adeno-associated virus (AAV-TBX18) represents a viable alternative. Focal injection of AAV-TBX18 (but not a control AAV expressing green fluorescent protein [AAV-GFP]) in the left ventricle of rats altered local gene expression to resemble that of the sinoatrial node and unleashed automaticity originating at the site of injection. AAV-TBX18-induced pacemakers exhibited autonomic responsiveness, while increasing maximal exercise tolerance. Likewise, catheter-based delivery of AAV-TBX18 (but not AAV-GFP) into the His bundle region in pigs increased heart rate in a clinically relevant porcine model of complete atrioventricular block. The heart rate remained significantly higher in AAV-TBX18 animals than in AAV-GFP controls for at least 6 weeks in rats and 4 weeks in pigs. Thus, targeted intramyocardial injection of AAV-TBX18 induces durable, physiologically responsive chronotropic support in both rats and pigs with complete heart block.","['Miguel-Dos-Santos', 'Dawkins', 'Mesquita']",2,7,"transduction, gene expression","liver, heart, cardiac",22
29175157,Mapping the Structural Determinants Required for AAVrh.10 Transport across the Blood-Brain Barrier.,Molecular therapy : the journal of the American Society of Gene Therapy,2018,"Effective gene delivery to the CNS by intravenously administered adeno-associated virus (AAV) vectors requires crossing the blood-brain barrier (BBB). To achieve therapeutic CNS transgene expression, high systemic vector doses are often required, which poses challenges such as scale-up costs and dose-dependent hepatotoxicity. To improve the specificity and efficiency of CNS gene transfer, a better understanding of the structural features that enable AAV transit across the BBB is needed. We generated a combinatorial domain swap library using AAV1, a serotype that does not traverse the vasculature, and AAVrh.10, which crosses the BBB in mice. We then screened individual variants by phylogenetic and structural analyses and subsequently conducted systemic characterization in mice. Using this approach, we identified key clusters of residues on the AAVrh.10 capsid that enabled transport across the brain vasculature and widespread neuronal transduction in mice. Through rational design, we mapped a minimal footprint from AAVrh.10, which, when grafted onto AAV1, confers the aforementioned CNS phenotype while diminishing vascular and hepatic transduction through an unknown mechanism. Functional mapping of this capsid surface footprint provides a roadmap for engineering synthetic AAV capsids for efficient CNS gene transfer with an improved safety profile.","['Albright', 'Storey', 'Murlidharan']",2,9,"transduction, gene expression, transgene expression","liver, brain, hepatic",22
35252470,<i>In vivo</i> overexpression of frataxin causes toxicity mediated by iron-sulfur cluster deficiency.,Molecular therapy. Methods & clinical development,2022,"Friedreich's ataxia is a rare disorder resulting from deficiency of frataxin, a mitochondrial protein implicated in the synthesis of iron-sulfur clusters. Preclinical studies in mice have shown that gene therapy is a promising approach to treat individuals with Friedreich's ataxia. However, a recent report provided evidence that AAVrh10-mediated overexpression of frataxin could lead to cardiotoxicity associated with mitochondrial dysfunction. While evaluating an AAV9-based frataxin gene therapy using a chicken β-actin promoter, we showed that toxic overexpression of frataxin could be reached in mouse liver and heart with doses between 1 × 10<sup>13</sup> and 1 × 10<sup>14</sup> vg/kg. In a mouse model of cardiac disease, these doses only corrected cardiac dysfunction partially and transiently and led to adverse findings associated with iron-sulfur cluster deficiency in liver. We demonstrated that toxicity required frataxin's primary function by using a frataxin construct bearing the N146K mutation, which impairs binding to the iron-sulfur cluster core complex. At the lowest tested dose, we observed moderate liver toxicity that was accompanied by progressive loss of transgene expression and liver regeneration. Together, our data provide insights into the toxicity of frataxin overexpression that should be considered in the development of a gene therapy approach for Friedreich's ataxia.","['Huichalaf', 'Perfitt', 'Kuperman']",2,7,"gene expression, transgene expression","liver, heart, cardiac",22
39850991,Directed Evolution of AAV9 for Efficient Gene Expression in Cardiomyocytes <i>In Vitro</i> and <i>In Vivo</i>.,Human gene therapy,2025,"Adeno-associated viral (AAV) vectors are increasingly used for preclinical and clinical cardiac gene therapy approaches. However, gene transfer to cardiomyocytes poses a challenge due to differences between AAV serotypes in terms of expression efficiency <i>in vitro</i> and <i>in vivo</i>. For example, AAV9 vectors work well in rodent heart muscle cells <i>in vivo</i> but not in cultivated neonatal rat ventricular cardiomyocytes (NRVCMs), necessitating the use of AAV6 vectors for <i>in vitro</i> studies. Therefore, we aimed to develop an AAV that could efficiently express genes in NRVCMs, human engineered heart tissue (hEHT), and mammalian hearts. The production of AAV6 vectors results in lower yields compared with AAV9. Hence, we used random AAV9 peptide libraries and selected variants on NRVCMs at the vector genome and RNA levels in parallel. The enriched library variants were characterized using high-throughput analysis of barcoded variants, followed by individual validation of the most promising candidates. Interestingly, we found striking differences in NRVCM transduction and gene expression patterns of the AAV capsid variants depending on the selection strategy. AAV variants selected based on the vector genome level enabled the highest transduction but were outperformed by AAVs selected on the RNA level in terms of expression efficiency. In addition, we identified a new AAV9 capsid variant that not only allowed significantly higher gene expression in NRVCMs compared with AAV6 but also enabled similar gene expression in murine hearts as AAV9 wild-type vectors after being intravenously injected into mice. Moreover, the novel variant facilitated significantly higher gene expression in hEHT compared with AAV9. Therefore, this AAV variant could streamline preclinical gene therapy studies of myocardial diseases by eliminating the need for using different AAVs for NRVCMs, hEHT, and mice.","['Hüttermann', 'Schröder', 'Shetty']",2,7,"transduction, gene expression","muscle, heart, cardiac",22
40104151,Immune-driven gene expression loss following intramuscular AAV delivery to non-human primates is only transient.,Molecular therapy. Methods & clinical development,2025,"Recombinant adeno-associated virus (rAAV) vectors stand out as highly promising for <i>in vivo</i> gene transfer, particularly in targeting the skeletal muscle for treating muscular genetic diseases or secreting therapeutic factors. Despite the simplicity and efficacy of the established intramuscular (IM) route, it has been often associated with an immune-induced rapid loss of transgene expression, in particular in large animal models, and generally considered irreversible as a consequence of a cytotoxic elimination of transduced cells. Here, we report in a non-human primate model that transgene expression loss after IM delivery of an rAAV1 expressing an immunogenic protein is only transient, with the re-expression of the transgene lasting up to 5 years post-injection. We show that the recovery of transgene expression is due to persisting viral genomes in the injected muscles despite the detection of peripheral anti-transgene cellular immunity. Persisting genomes were observed in the presence of infiltrated mononuclear CD8 and CD4 T lymphocytes, among which we were able to detect FoxP3<sup>+</sup> regulatory cells. This is to our knowledge the first report of a transient immune-mediated loss of gene expression in a large animal model after rAAV delivery that should shed new light on the issue of rAAV vector immunogenicity.","['Journou', 'Devaux', 'Jaulin']",2,7,"gene expression, transgene expression","liver, muscle, skeletal muscle",22
31660418,A Muscle Hybrid Promoter as a Novel Tool for Gene Therapy.,Molecular therapy. Methods & clinical development,2019,"Gene therapy is a promising strategy to cure rare diseases. The lack of regulatory sequences ensuring specific and robust expression in skeletal and cardiac muscle is a substantial limitation of gene therapy efficiency targeting the muscle tissue. Here we describe a novel muscle hybrid (MH) promoter that is highly active in both skeletal and cardiac muscle cells. It has an easily exchangeable modular structure, including an intronic module that highly enhances the expression of the gene driven by it. In cultured myoblasts, myotubes, and cardiomyocytes, the MH promoter gives relatively stable expression as well as higher activity and protein levels than the standard CMV and desmin gene promoters or the previously developed synthetic or <i>CKM</i>-based promoters. Combined with AAV2/9, the MH promoter also provides a high <i>in vivo</i> expression level in skeletal muscle and the heart after both intramuscular and systemic delivery. It is much more efficient than the desmin-encoding gene promoter, and it maintains the same specificity. This novel promoter has potential for gene therapy in muscle cells. It can provide stable transgene expression, ensuring high levels of therapeutic protein, and limited side effects because of its specificity. This constitutes an improvement in the efficiency of genetic disease therapy.","['Piekarowicz', 'Bertrand', 'Azibani']",2,9,"gene expression, transgene expression, systemic delivery","liver, muscle, heart, cardiac, skeletal muscle",22
41122489,Developing a minimally invasive gene therapy for multiple sclerosis.,Molecular therapy. Methods & clinical development,2025,"Multiple sclerosis (MS) is a neurological disease characterized by demyelinating lesions in the CNS. This study investigated whether a minimally invasive adeno-associated virus (AAV) vector (AAV.PHP.eB) can direct transgene expression in CNS cell types relevant to MS, including astrocytes, oligodendrocytes, oligodendrocyte precursor cells (OPCs), microglia, and neurons in experimental autoimmune encephalitis, a widely used MS model. <i>In vivo</i> bioluminescence imaging and histological analysis following AAV.PHP.eB-mediated gene delivery in healthy mice using the ubiquitous CAG promoter and five neural promoters (MBP, Sox10, hSyn1, gfa2, and gfaABC1D) revealed long-term, robust, and cell-type-specific activity across the brain and spinal cord. AAV.PHP.eB is capable of traversing the blood-brain barrier in experimental autoimmune encephalitis (EAE) and directs sustained and cell-type-specific transgene expression for the MBP, Sox10, hSyn1, and gfaABC1D promoters. The MBP and Sox10 promoters directed transgene expression in oligodendroglia around and within inflammatory demyelinating lesions, whereas the gfaABC1D promoter directs transgene expression in gray and white matter astrocytes and hSyn1 in neurons. The neural promoters were minimally active in the periphery, with the exception of gfa2. This methodological study is a first step toward the development of minimally invasive gene therapy to promote myelin repair and/or suppress inflammation in MS.","['Nijhuis', 'Romijn', 'Honing']",2,7,"gene expression, transgene expression","liver, brain, neural, spinal cord",22
33498212,Intrastriatal Administration of AAV5-miHTT in Non-Human Primates and Rats Is Well Tolerated and Results in miHTT Transgene Expression in Key Areas of Huntington Disease Pathology.,Brain sciences,2021,"Huntington disease (HD) is a fatal, neurodegenerative genetic disorder with aggregation of mutant Huntingtin protein (mutHTT) in the brain as a key pathological mechanism. There are currently no disease modifying therapies for HD; however, <i>HTT</i>-lowering therapies hold promise. Recombinant adeno-associated virus serotype 5 expressing a microRNA that targets <i>HTT</i> mRNA (AAV5-miHTT) is in development for the treatment of HD with promising results in rodent and minipig HD models. To support a clinical trial, toxicity studies were performed in non-human primates (NHP, <i>Macaca fascicularis</i>) and Sprague-Dawley rats to evaluate the safety of AAV5-miHTT, the neurosurgical administration procedure, vector delivery and expression of the mi<i>HTT</i> transgene during a 6-month observation period. For accurate delivery of AAV5-miHTT to the striatum, real-time magnetic resonance imaging (MRI) with convection-enhanced delivery (CED) was used in NHP. Catheters were successfully implanted in 24 NHP, without neurological symptoms, and resulted in tracer signal in the target areas. Widespread vector DNA and mi<i>HTT</i> transgene distribution in the brain was found, particularly in areas associated with HD pathology. Intrastriatal administration of AAV5-miHTT was well tolerated with no clinically relevant changes in either species. These studies demonstrate the excellent safety profile of AAV5-miHTT, the reproducibility and tolerability of intrastriatal administration, and the delivery of AAV5-miHTT to the brain, which support the transition of AAV5-miHTT into clinical studies.","['Spronck', 'Vallès', 'Lampen']",2,7,"gene expression, transgene expression","liver, brain, striatum",22
40744011,AAV vectors for specific and efficient gene expression in microglia.,Cell reports methods,2025,"Microglia are crucial targets for therapeutic interventions in diseases like Alzheimer's and stroke, but efficient gene delivery to these immune cells is challenging. We developed an adeno-associated virus (AAV) vector that achieves specific and efficient gene delivery to microglia. This vector incorporates the mIba1 promoter, GFP, miRNA target sequences (miR.Ts), WPRE, and poly(A) signal. Positioning miR.Ts on both sides of WPRE significantly suppressed non-microglial expression, achieving over 90% specificity and more than 60% efficiency in microglia-specific gene expression 3 weeks post-administration. Additionally, this vector enabled GCaMP expression, facilitating real-time calcium dynamics monitoring in microglial processes. Using a blood-brain barrier-penetrant AAV-9P31 capsid variant, intravenous administration resulted in broad and selective microglial GFP expression across the brain. These results establish our AAV vector as a versatile tool for long-term, highly specific, and efficient gene expression in microglia, advancing microglial research and potential therapeutic applications.","['Aoki', 'Konno', 'Hosoi']",2,6,"gene expression, intravenous administration","liver, brain",21
19474806,Systemic delivery of AAV8 in utero results in gene expression in diaphragm and limb muscle: treatment implications for muscle disorders.,Gene therapy,2009,"One of the major challenges in the treatment of primary muscle disorders, which often affect many muscle groups, is achieving efficient, widespread transgene expression in muscle. In utero gene transfer can potentially address this problem by accomplishing the gene delivery when the tissue mass is small and the immune system is immature. Earlier studies with systemic in utero adeno-associated viral (AAV) vector serotype 1 gene delivery to embryonic day 16 (E-16) pups resulted in high levels of transduction in diaphragm and intercostal muscles, but no detectable transgene expression in limb muscles. Recently, newer AAV serotypes, such as AAV8, have shown widespread and high transgene expression in skeletal muscles and diaphragm by systemic delivery in adult and neonatal mice. We tested AAV8 vector gene delivery by intraperitoneal administration in E-16 mice in utero. Using an AAV8 vector carrying a lacZ reporter gene, we observed high-level transduction of diaphragm and intercostal muscles and more moderate transduction of multiple limb muscles and heart. Our current studies show the potential of AAV8 to achieve widespread muscle transduction in utero and suggest its therapeutic potential for primary muscle disorders.","['Koppanati', 'Li', 'Xiao']",2,11,"transduction, gene expression, transgene expression, systemic delivery","liver, muscle, heart, skeletal muscle",21
28440798,Improved gene delivery to adult mouse spinal cord through the use of engineered hybrid adeno-associated viral serotypes.,Gene therapy,2017,"Adeno-associated viral (AAV) vectors are often used in gene therapy for neurological disorders because of its safety profile and promising results in clinical trials. One challenge to AAV gene therapy is effective transduction of large numbers of the appropriate cell type, which can be overcome by modulating the viral capsid through DNA shuffling. Our previous study demonstrates that Rec2, among a family of novel engineered hybrid capsid serotypes (Rec1~4) transduces adipose tissue with far superior efficiency than naturally occurring AAV serotypes. Here we assessed the transduction of adult spinal cord at two different doses of AAV vectors expressing green fluorescent protein (2 × 10<sup>9</sup> or 4 × 10<sup>8</sup> viral particles) via intraparenchymal injection at the thoracic vertebral level T9. In comparison with an equal dose of the currently preferable AAV9 serotype, Rec3 serotype transduced a broader region of the spinal cord up to ~1.5 cm longitudinally and displayed higher transgene expression and increased maximal transduction rates of astrocytes at either dose and neurons at the lower dose. These novel engineered hybrid vectors could provide powerful tools at lower production costs to manipulate gene expression in the spinal cord for mechanistic studies or provide potent vehicles for gene therapy delivery, such as neurotrophins, to the spinal cord.","['Siu', 'Queen', 'Huang']",2,8,"transduction, gene expression, transgene expression","liver, spinal cord",21
40171277,CAG-targeted brain-permeable therapy tested in biallelic humanized polyQ mouse models.,Molecular therapy. Nucleic acids,2025,"In polyglutamine (polyQ) diseases, including Huntington disease (HD) and spinocerebellar ataxia type 3 (SCA3), targeting the mutant CAG tract in mRNA could be a therapeutic strategy for lowering pathogenic protein. We explored the viability of this therapeutic strategy <i>in vivo</i> at the level of the reagent design, toxicity, systemic delivery, brain regions transduction, silencing efficiency, and allele preference. We designed a series of CAG-directed short hairpin RNAs (shRNAs) based on a previous A2 reagent, allele selective <i>in vitro</i>. Humanized HD (Hu<sup>128Q/21Q</sup>) and SCA3 (Ki<sup>150Q/21Q</sup>) mice with mutant ∼100 CAGs and normal 21 CAGs alleles were used to simulate biallelic conditions occurring in patients. We administered AAV-PHP.eB shRNAs-encoding vectors into the blood as an equivalent of non-invasive CAG-directed brain-targeted therapy crossing the blood-brain barrier. We demonstrate that optimized CAG-targeted A4(P10) and A4(P10,11) shReagents can lower mutant huntingtin and ataxin-3 protein and its aggregates by targeting brain regions selectively and with diminished toxicity compared to other tested shRNAs. The important considerations of the approach are the silencing efficiency depending on the transduction region and careful dose adjustment. Moreover, the CAG approach could be suitable to target somatic expansion. Our work paves the way toward developing the therapy for polyQ diseases, potentially shortening drug development.","['Surdyka', 'Kalinowska-Pośka', 'Niewiadomska-Cimicka']",2,6,"transduction, systemic delivery","liver, brain",21
39838066,Incomplete elimination of viral genomes is associated with chronic inflammation in nonhuman primate livers after AAV-mediated gene transfer.,Gene therapy,2025,"The liver is a unique organ where immunity can be biased toward ineffective response notably in the context of viral infections. Chronic viral hepatitis depends on the inability of the T-cell immune response to eradicate antigen. In the case of recombinant Adeno-Associated-Virus, used for therapeutic gene transfer, conflicting reports describe tolerance induction to different transgene products while other studies have shown conventional cytotoxic CD8<sup>+</sup> T cell responses with a rapid loss of transgene expression. We performed a 1 year follow up of 6 non-human primates after all animals received an rAAV8 vector carrying the GFP transgene at doses of 7×10<sup>12</sup> vg/kg. We report that despite anti-GFP peripheral cellular response and loss of hepatic transgene expression, we were still able to detect persisting viral genomes in the liver until 1-year post-injection. These viral genomes were associated with liver inflammation, fibrosis and signs of CD8 T cell exhaustion, including high expression of PD-1. Our study shows that AAV8-mediated gene transfer can results to loss of transgene expression in liver and chronic inflammation several months after gene transfer.","['Pichard', 'Guilbaud', 'Devaux']",2,6,"gene expression, transgene expression","liver, hepatic",21
41127004,A novel gene delivery platform based on a commensal human anellovirus demonstrates transduction in multiple tissue types.,Molecular therapy. Methods & clinical development,2025,"<i>Anelloviridae</i> is a family of non-enveloped viruses with negative-sense, circular, single-stranded DNA genomes that infect vertebrates and are a ubiquitous component of the human virome. The non-pathogenic and commensal nature of anelloviruses makes them compelling candidates as vectors for next-generation genetic medicines. Here we report development of a gene delivery vector system based on an anellovirus of the <i>Betatorquevirus</i> genus. Production is enabled by the development of the self-amplifying <i>trans</i>-complementation of a universal recombinant Anellovector (SATURN) system, which relies on a self-replicating plasmid to provide viral proteins in <i>trans</i> and a Cre-lox-based recombination mechanism to generate single unit-sized circular genomes inside the MOLT-4 production cell line. We demonstrate that the SATURN system can package a vector genome from a single Betatorquevirus with capsids from multiple Betatorquevirus species, supporting the feasibility of establishing a vector platform that takes advantage of anellovirus diversity. The vector demonstrated long-term <i>in vivo</i> function in the mouse eye for 12 months post subretinal administration. Comparable gene expression was achieved to dose-matched adeno-associated virus 9 <i>in vitro</i> and <i>in vivo</i> when transducing HEK293TT cells and the murine brain, respectively. To our knowledge, this is the first report of a functional anellovirus-based gene expression vector.","['Prince', 'Bounoutas', 'Zhou']",2,6,"transduction, gene expression","liver, brain",21
40376611,An evaluation of distinct adeno-associated virus vector strategies for driving transgene expression in spinal inhibitory neurons of the rat.,Frontiers in neuroscience,2025,"The spinal cord dorsal horn (DH) is essential for processing and transmitting nociceptive information. Its neuronal subpopulations exhibit significant heterogeneity in morphology and intrinsic properties, forming complex circuits that remain only partially understood. Under physiological and pathological conditions, inhibitory interneurons in the DH are of particular interest. These neurons modulate and refine pain-related signals entering the central nervous system. The ability to selectively target these inhibitory interneurons is key to investigating the underlying circuitry and mechanisms of pain processing, as well as to understand the specific role of inhibitory signaling within these processes. We employed a viral vector approach to deliver a fluorescent reporter protein specifically to inhibitory interneurons in the rat spinal cord. Using adeno-associated virus (AAV) vectors designed to express enhanced green fluorescent protein (EGFP) under the control of various promoters, we targeted distinct subtypes of spinal inhibitory interneurons. Through immunostaining, <i>in situ</i> hybridization, and confocal imaging, we evaluated the specificity and efficacy of these promoters. Our findings revealed that the promoter/vector combinations used did not achieve the desired specificity for targeting distinct interneuron populations in the DH. Despite these limitations, this work provides valuable insights into the potential and challenges of designing AAV-based approaches for selective neuronal targeting. These results emphasize the need for further refinement of promoter designs to achieve precise and reliable expression in specific spinal interneuron subtypes. Addressing these challenges will be crucial for advancing our understanding of spinal nociceptive circuits and developing targeted therapeutic approaches for pain syndromes.","['Klinger', 'Siegert', 'Holzinger']",2,6,"gene expression, transgene expression","liver, spinal cord",21
29885449,Efficient transduction of adeno-associated virus vectors into gerbil hippocampus with an appropriate combination of viral capsids and promoters.,Neuroscience letters,2018,"Adeno-associated virus (AAV) is an ideal vector for gene transduction into the central nervous system because of its safety and efficiency. While it is currently widely used for clinical trials and is expected to become more widespread, the appropriate combination of viral serotypes and promoters have not been fully investigated. In this study, we compared the transduced gene expression of AAVrh10 to AAV5 in gerbil hippocampus using three different promoters, including cytomegalovirus (CMV), chicken β-actin promoter with the CMV immediate-early enhancer (CAG), and the Synapsin 1 (Syn1) promoter. Four-week-old male gerbils underwent stereotaxic injection with 1 × 10<sup>10</sup> viral genome of AAV carrying green fluorescent protein (GFP). Quantification of the GFP-positive areas 3 weeks after injection showed that AAVrh10-CMV and AAVrh10-CAG were the most efficient (p < 0.001, compared with the control) and AAVrh10-Syn1 and AAV5-CMV were the next most efficient (p < 0.05, compared with the control). On the other hand, AAV5-Syn1 showed little expression, which was only observed at the injected site. In conclusion, we should note that some combinations of viral capsids and promoters can result in failure of gene delivery, while most of them will work appropriately in the transgene expression in the brain.","['Sehara', 'Shimazaki', 'Kurosaki']",2,8,"transduction, gene expression, transgene expression","liver, brain",21
40263935,Identification of a robust promoter in mouse and human hepatocytes by in vivo biopanning of a barcoded AAV library.,Molecular therapy : the journal of the American Society of Gene Therapy,2025,"Recombinant adeno-associated viruses (AAVs) are leading vectors for in vivo human gene therapy. An integral vector element is promoters, which control transgene expression in either a ubiquitous or cell-type-selective manner. Identifying optimal capsid-promoter combinations is challenging, especially when considering on- versus off-target expression. Here, we report a pipeline for in vivo promoter biopanning in AAV building on our AAV capsid barcoding technology and illustrate its potential by screening 53 promoters in 16 murine tissues using an AAV9 vector. Surprisingly, the 2.2-kb human glial fibrillary acidic protein (GFAP) promoter was the top hit in the liver, where it outperformed robust benchmarks such as the human α-1-antitrypsin promoter or the clinically used liver-specific promoter 1 (LP1). Analysis of hepatic cell populations revealed preferred GFAP promoter activity in hepatocytes. Notably, the GFAP promoter also surpassed the LP1 and cytomegalovirus promoters in human hepatocytes engrafted in an immune-deficient mouse. These findings establish the GFAP promoter as an exciting alternative for research and clinical applications requiring efficient and specific transgene expression in hepatocytes. Our pipeline expands the arsenal of technologies for high-throughput in vivo screening of viral vector components and is compatible with capsid barcoding, facilitating the combinatorial interrogation of complex AAV libraries.","['Becker', 'Domenger', 'Choksi']",2,6,"gene expression, transgene expression","liver, hepatic",21
36805083,Phase I study of liver depot gene therapy in late-onset Pompe disease.,Molecular therapy : the journal of the American Society of Gene Therapy,2023,"Gene therapy with an adeno-associated virus serotype 8 (AAV8) vector (AAV8-LSPhGAA) could eliminate the need for enzyme replacement therapy (ERT) by creating a liver depot for acid α-glucosidase (GAA) production. We report initial safety and bioactivity of the first dose (1.6 × 10<sup>12</sup> vector genomes/kg) cohort (n = 3) in a 52-week open-label, single-dose, dose-escalation study (NCT03533673) in patients with late-onset Pompe disease (LOPD). Subjects discontinued biweekly ERT after week 26 based on the detection of elevated serum GAA activity and the absence of clinically significant declines per protocol. Prednisone (60 mg/day) was administered as immunoprophylaxis through week 4, followed by an 11-week taper. All subjects demonstrated sustained serum GAA activities from 101% to 235% of baseline trough activity 2 weeks following the preceding ERT dose. There were no treatment-related serious adverse events. No subject had anti-capsid T cell responses that decreased transgene expression. Muscle biopsy at week 24 revealed unchanged muscle glycogen content in two of three subjects. At week 52, muscle GAA activity for the cohort was significantly increased (p < 0.05). Overall, these initial data support the safety and bioactivity of AAV8-LSPhGAA, the safety of withdrawing ERT, successful immunoprophylaxis, and justify continued clinical development of AAV8-LSPhGAA therapy in Pompe disease.","['Smith', 'Hopkins', 'Case']",2,6,"gene expression, transgene expression","liver, muscle",21
37650819,"Transduction of Ferret Surface and Basal Cells of Airways, Lung, Liver, and Pancreas via Intratracheal or Intravenous Delivery of Adeno-Associated Virus 1 or 6.",Human gene therapy,2023,"Cystic fibrosis (CF) is potentially treatable by gene therapy. Since the identification of the CF gene, preclinical and clinical trials have concentrated on achieving effective gene therapy targeting the lung. However, the lung has proven to be a formidable barrier to successful gene therapy especially for CF, and many clinical trials failed to achieve efficacy. Recent advances in vector design and adeno-associated virus (AAV) serotypes have increased the chances of success. Given that CF is a multi-organ disease, the goal of this study was to test whether a gene therapy approach involving AAV1 or AAV6 vector delivery via the systemic circulation would at the same time overcome the barrier of lung delivery and transduce organs commonly affected by CF. To accomplish this, we sprayed AAV1 containing green fluorescent protein (GFP) into the trachea or injected it intravenously (IV). We also tested AAV6 injected IV. No adverse events were noted. Ferrets were necropsied 30 days after vector delivery. AAV1 or AAV6 vector genomes, messenger RNA (mRNA) expression, and GFP were detected in all the tracheal and lung samples from the treated animals, whether AAV1 was sprayed into the trachea or injected IV or AAV6 was injected IV. Importantly, both surface epithelial and basal cells of the trachea and lung airways were successfully transduced, regardless of which route of delivery or vector serotype used for transduction. We detected also AAV1 and AAV6 vector genomes, mRNA expression, and GFP in the livers and pancreases, particularly in the acinar cells of the pancreatic duct. These data suggest that gene transfer is attainable in the airways, liver, and pancreas using either serotype, AAV1 or AAV6. Given that these same organs are affected in CF, systemic delivery of AAV may be the preferred route of delivery for a gene therapy for CF.","['Yanda', 'Zeidan', 'Ciobanu']",2,6,"transduction, systemic delivery","liver, lung",21
38420654,Pre-Existing Immunity to a Nucleic Acid Contaminant-Derived Antigen Mediates Transaminitis and Resultant Diminished Transgene Expression in a Mouse Model of Hepatic Recombinant Adeno-Associated Virus-Mediated Gene Transfer.,Human gene therapy,2024,"Liver injury with concomitant loss of therapeutic transgene expression can be a clinical sequela of systemic administration of recombinant adeno-associated virus (rAAV) when used for gene therapy, and a significant barrier to treatment efficacy. Despite this, it has been difficult to replicate this phenotype in preclinical models, thereby limiting the field's ability to systematically investigate underlying biological mechanisms and develop interventions. Prior animal models have focused on capsid and transgene-related immunogenicity, but the impact of concurrently present nontransgene or vector antigens on therapeutic efficacy, such as those derived from contaminating nucleic acids within rAAV preps, has yet to be investigated. In this study, using Ad5-CMV_GFP-immunized immunocompetent BALB/cJ mice, and a coagulation factor VIII expressing rAAV preparation that contains green flourescent protein (GFP) cDNA packaged as P5-associated contaminants, we establish a model to induce transaminitis and observe concomitant therapeutic efficacy reduction after rAAV administration. We observed strong epitope-specific anti-GFP responses in splenic CD8+ T cells when GFP cDNA was delivered as a P5-associated contaminant of rAAV, which coincided and correlated with alanine and aspartate aminotransferase elevations. Furthermore, we report a significant reduction in detectable circulating FVIII protein, as compared with control mice. Lastly, we observed an elevation in the detection of AAV8 capsid-specific T cells when GFP was delivered either as a contaminant or transgene to Ad5-CMV_GFP-immunized mice. We present this model as a potential tool to study the underlying biology of post-AAV hepatotoxicity and demonstrate the potential for T cell responses against proteins produced from AAV encapsidated nontherapeutic nucleic acids, to interfere with efficacious gene transfer.","['Brimble', 'Morton', 'Winston']",2,6,"gene expression, transgene expression","liver, hepatic",21
28285544,Improvement of Adeno-Associated Virus-Mediated Liver Transduction Efficacy by Regional Administration in Macaca fascicularis.,Human gene therapy. Clinical development,2017,"The liver is a central organ in metabolism and can be affected by numerous inherited metabolic disorders. Recombinant adeno-associated virus (AAV)-based gene therapy represents a promising therapeutic approach for such diseases. AAVs have been demonstrated to be safe, and resulted in high and long-term expression in preclinical and clinical studies. However, there are still some concerns regarding the expression levels that can be achieved and the percentage of hepatocytes that can be transduced. Because of the cell-autonomous nature of most metabolic liver disorders, a high percentage of hepatocytes needs to be corrected in order to achieve a therapeutic effect. The goal of our work was to improve transduction efficacy of the liver by conveying the vector directly to hepatic tissue. Interventional radiology procedures were used to administer an AAV5 vector expressing a secreted form of human embryonic alkaline phosphatase (hSEAP) under the control of a liver-specific promoter to a clinically relevant animal model, Macaca fascicularis. Balloon occlusion of the regional hepatic venous flow was performed while injecting the vector either into the hepatic artery (HA) or, against flow, via the suprahepatic vein (SHV). In both cases the vector was injected into the right hepatic lobules, and the two routes were compared with conventional intravenous administration. Higher hSEAP levels were obtained when the vector was administered via SHV or HA than after intravenous injection. Furthermore, higher expression levels correlated with a higher number of vector genomes in the injected lobules. In conclusion, direct administration of AAV vectors via the hepatic blood flow with simultaneous balloon occlusion of the hepatic outflow increases liver transduction efficacy in comparison with systemic delivery and can be further improved in bigger animals or humans, where it would be technically feasible to inject the vector into the hepatic vasculature in the generality of lobules.","['Zabaleta', 'Salas', 'Paramo']",2,8,"transduction, intravenous administration, systemic delivery","liver, hepatic",21
38321056,AAV-delivered muscone-induced transgene system for treating chronic diseases in mice via inhalation.,Nature communications,2024,"Gene therapies provide treatment options for many diseases, but the safe and long-term control of therapeutic transgene expression remains a primary issue for clinical applications. Here, we develop a muscone-induced transgene system packaged into adeno-associated virus (AAV) vectors (AAV<sub>MUSE</sub>) based on a G protein-coupled murine olfactory receptor (MOR215-1) and a synthetic cAMP-responsive promoter (P<sub>CRE</sub>). Upon exposure to the trigger, muscone binds to MOR215-1 and activates the cAMP signaling pathway to initiate transgene expression. AAV<sub>MUSE</sub> enables remote, muscone dose- and exposure-time-dependent control of luciferase expression in the livers or lungs of mice for at least 20 weeks. Moreover, we apply this AAV<sub>MUSE</sub> to treat two chronic inflammatory diseases: nonalcoholic fatty liver disease (NAFLD) and allergic asthma, showing that inhalation of muscone-after only one injection of AAV<sub>MUSE</sub>-can achieve long-term controllable expression of therapeutic proteins (ΔhFGF21 or ΔmIL-4). Our odorant-molecule-controlled system can advance gene-based precision therapies for human diseases.","['Wu', 'Yu', 'Wang']",2,6,"gene expression, transgene expression","liver, lung",21
33775910,ZFN-mediated in vivo gene editing in hepatocytes leads to supraphysiologic α-Gal A activity and effective substrate reduction in Fabry mice.,Molecular therapy : the journal of the American Society of Gene Therapy,2021,"Fabry disease, a lysosomal storage disorder resulting from the deficient activity of α-galactosidase A (α-Gal A), is characterized by cardiac, renal, and/or cerebrovascular disease due to progressive accumulation of the enzyme's substrates, globotriaosylceramide (Gb3) and globotriaosylsphingosine (Lyso-Gb3). We report here the preclinical evaluation of liver-targeted in vivo genome editing using zinc-finger nuclease (ZFN) technology to insert the human α-galactosidase A (hGLA) cDNA into the albumin ""safe harbor"" locus of Fabry mice, thereby generating an albumin-α-Gal A fusion protein. The mature α-Gal A protein is secreted into the circulation for subsequent mannose-6-phosphate receptor-mediated tissue uptake. Donor vector optimization studies showed that replacing the hGLA cDNA signal peptide sequence with that of human iduronate 2-sulfatase (IDS) achieved higher transgene expression. Intravenous adeno-associated virus (AAV) 2/8-mediated co-delivery of the IDS-hGLA donor and ZFNs targeting the albumin locus resulted in continuous, supraphysiological plasma and tissue α-Gal A activities, which essentially normalized Gb3 and Lyso-Gb3 levels in key tissues of pathology. Notably, this was achieved with <10% of hepatocytes being edited to express hGLA, occurring mostly via non-homologous end joining (NHEJ) rather than homology-directed repair (HDR). These studies indicate that ZFN-mediated in vivo genome editing has the potential to be an effective one-time therapy for Fabry disease.","['Pagant', 'Huston', 'Moreira']",2,6,"gene expression, transgene expression","liver, cardiac",21
35211641,Prednisolone reduces the interferon response to AAV in cynomolgus macaques and may increase liver gene expression.,Molecular therapy. Methods & clinical development,2022,"Ornithine transcarbamylase deficiency is a rare X-linked genetic urea cycle disorder leading to episodes of acute hyperammonemia, adverse cognitive and neurological effects, hospitalizations, and in some cases death. DTX301, a non-replicating, recombinant self-complimentary adeno-associated virus vector serotype 8 (scAAV8)-encoding human ornithine transcarbamylase, is a promising gene therapy for ornithine transcarbamylase deficiency; however, the impact of sex and prophylactic immunosuppression on ornithine transcarbamylase gene therapy outcomes is not well characterized. This study sought to describe the impact of sex and immunosuppression in adult, sexually mature female and male cynomolgus macaques through day 140 after DTX301 administration. Four study groups (n = 3/group) were included: male non-immunosuppressed; male immunosuppressed; female non-immunosuppressed; and female immunosuppressed. DTX301 was well tolerated with and without immunosuppression; no notable differences were observed between female and male groups across outcome measures. Prednisolone-treated animals exhibited a trend toward greater vector genome and transgene expression, although the differences were not statistically significant. The hepatic interferon gene signature was significantly decreased in prednisolone-treated animals, and a significant inverse relationship was observed between interferon gene signature levels and hepatic vector DNA and transgene RNA. These observations were not sustained upon immunosuppression withdrawal. Further studies may determine whether the observed effect can be prolonged.","['Wang', 'Warzecha', 'Kistner']",2,6,"gene expression, transgene expression","liver, hepatic",21
38440160,B cell focused transient immune suppression protocol for efficient AAV readministration to the liver.,Molecular therapy. Methods & clinical development,2024,"Adeno-associated virus (AAV) vectors are used for correcting multiple genetic disorders. Although the goal is to achieve lifelong correction with a single vector administration, the ability to redose would enable the extension of therapy in cases in which initial gene transfer is insufficient to achieve a lasting cure, episomal vector forms are lost in growing organs of pediatric patients, or transgene expression is diminished over time. However, AAV typically induces potent and long-lasting neutralizing antibodies (NAbs) against capsid that prevents re-administration. To prevent NAb formation in hepatic AAV8 gene transfer, we developed a transient B cell-targeting protocol using a combination of monoclonal Ab therapy against CD20 (for B cell depletion) and BAFF (to slow B cell repopulation). Initiation of immunosuppression before (rather than at the time of) vector administration and prolonged anti-BAFF treatment prevented immune responses against the transgene product and abrogated prolonged IgM formation. As a result, vector re-administration after immune reconstitution was highly effective. Interestingly, re-administration before the immune system had fully recovered achieved further elevated levels of transgene expression. Finally, this immunosuppression protocol reduced Ig-mediated AAV uptake by immune cell types with implications to reduce the risk of immunotoxicities in human gene therapy with AAV.","['Rana', 'Herzog', 'Muñoz-Melero']",2,6,"gene expression, transgene expression","liver, hepatic",21
40849510,AAV-mediated MUC5AC siRNA delivery to prevent mucociliary dysfunction in asthma.,Gene therapy,2025,"The main structural components of mucus produced in the lung are mucin 5B (MUC5B) and mucin 5AC (MUC5AC) where a relatively higher expression of MUC5B is typical in health. In the lungs of individuals with asthma, there is a shift from MUC5B to MUC5AC as the predominantly secreted mucin which has been shown to impair mucociliary clearance (MCC) and increase airway mucus plug formation. Given its role in asthmatic lung disease, MUC5AC represents a potential therapeutic target where a gene delivery approach could be leveraged to modulate its expression. For these purposes, we explored adeno-associated virus serotype 6 (AAV6), as a viral gene vector to transduce airway epithelial cells and reduce MUC5AC expression via siRNA delivery. We confirmed that AAV6 was able to transduce epithelial cells in vitro as well as in the airways of healthy mice in vivo with high transgene expression in mucus-secreting goblet cells. Using multiple particle tracking analysis, we observed that AAV6 was capable of penetrating both normal and MUC5AC-enriched mucus barriers. AAV6 carrying MUC5AC-targeting siRNA was evaluated as a prophylactic treatment in HAE cell cultures before IL-13 challenge. IL-13 stimulated HAE cultures treated with AAV6-MUC5AC siRNA had significantly reduced MUC5AC mRNA and protein expression compared to untreated controls. Mucociliary transport in IL-13 stimulated HAE cultures was also maintained and comparable to healthy controls following AAV6-MUC5AC siRNA treatment. Together, these findings support that AAV6 may be used as an inhaled gene therapy to suppress MUC5AC overexpression and restore normal airway clearance function in asthma.","['Kumar', 'Corkran', 'Cheema']",2,6,"gene expression, transgene expression","liver, lung",21
39823241,Effective Reduction of Transgene-Specific Immune Response With rAAV Vectors Co-Expressing miRNA-UL112-5p or ERAP1 shRNA.,Journal of cellular and molecular medicine,2025,"Recombinant adeno-associated virus (rAAV) has emerged as one of the best gene delivery vectors for human gene therapy in vivo. However, the clinical efficacy of rAAV gene therapy is often hindered by the host immune response against its transgene products. Endoplasmic reticulum aminopeptidase 1 (ERAP1) is specialised to process peptides presented by class I molecules of major histocompatibility complex. Therefore, we hypothesise that modulation of the ERAP1 activity in rAAV transduced cells may be favoured to evade immune response against transgene products. In this study, we incorporated either miRNA-UL112-5p or ERAP1 shRNA into rAAV vectors expressing full-length ovalbumin (OVA) as a model antigen, and evaluated their effects for antigen presentation, cellular and humour immune response induced by OVA expression. The results indicated that silencing ERAP1 using miR-UL112-5p or ERAP1 shRNA did not affect the expression of OVA in cells, but inhibited the processing and presentation of OVA antigen peptide SIINFEKL in antigen presenting cells (APCs). Moreover, the rAAV vector co-expressing ERAP1 shRNA maintains stable and high expression of OVA in vivo, while simultaneously suppressing the humoral immunity of OVA. In addition, experimental results demonstrated that rAAV vectors incorporated ERAP1 shRNA efficiently repress costimulatory signals in dendritic cells (DCs), significantly attenuated the cytotoxic T-cell response, allowed for sustained transgene expression and reduced clearance of transduced muscle cells in mice. Moreover, our study suggested that the incorporation of miRNA-UL112-5p or ERAP1 shRNA into rAAV vectors effectively reduced transgene products induced immune response. The proposed method may potentially be applied in clinics to deliver therapeutic proteins safely and efficiently.","['Huang', 'Wang', 'Sun']",2,6,"gene expression, transgene expression","liver, muscle",21
37500816,Sildenafil increases AAV9 transduction after a systemic administration and enhances AAV9-dystrophin therapeutic effect in mdx mice.,Gene therapy,2024,"Adeno-associated virus (AAV) vectors have been successfully used to deliver genes for treating rare diseases. However, the systemic administration of high AAV vector doses triggers several adverse effects, including immune response, the asymptomatic elevation of liver transaminase levels, and complement activation. Thus, improving AAV transduction and reducing AAV dosage for treatment is necessary. Recently, we found that a phosphodiesterase-5 inhibitor significantly promoted AAV9 transduction in vitro by regulating the caveolae and macropinocytosis pathways. When AAV9-Gaussian luciferase (AAV9-Gluc) and AAV9-green fluorescent protein (AAV9-GFP) were injected intravenously into mice pre-treated with sildenafil, the expressions of Gluc in the plasma and GFP in muscle tissues significantly increased (P < 0.05). Sildenafil also improved Evans blue permeation in tissues. Additionally, we found that sildenafil promoted Treg proliferation, inhibited B-cell activation, and decreased anti-AAV9 IgG levels (P < 0.05). Furthermore, sildenafil significantly promoted Duchenne muscular dystrophy gene therapy efficacy using AAV9 in mdx mice; it increased micro-dystrophin gene expression, forelimb grip strength, and time spent on the rotarod test, decreased serum creatine kinase levels, and ameliorated histopathology by improving muscle cell morphology and reducing fibrosis (P < 0.05). These results show that sildenafil significantly improved AAV transduction, suppressed the levels of anti-AAV9 IgG, and enhanced the efficacy of gene therapy.","['Zhou', 'Yuan', 'Sun']",2,6,"transduction, gene expression","liver, muscle",21
31440523,Real-Time Monitoring of Exosome Enveloped-AAV Spreading by Endomicroscopy Approach: A New Tool for Gene Delivery in the Brain.,Molecular therapy. Methods & clinical development,2019,"Exosomes represent a strategy for optimizing the adeno-associated virus (AAV) toward the development of novel therapeutic options for neurodegenerative disorders. However, <i>in vivo</i> spreading of exosomes and AAVs after intracerebral administration is poorly understood. This study provides an assessment and comparison of the spreading into the brain of exosome-enveloped AAVs (exo-AAVs) or unassociated AAVs (std-AAVs) through <i>in vivo</i> optical imaging techniques like probe-based confocal laser endomicroscopy (pCLE) and <i>ex vivo</i> fluorescence microscopy. The std-AAV serotypes (AAV6 and AAV9) encoding the GFP were enveloped in exosomes and injected into the ipsilateral hippocampus. At 3 months post-injection, pCLE detected enhanced GFP expression of both exo-AAV serotypes in contralateral hemispheres compared to std-AAVs. Although sparse GFP-positive astrocytes were observed using exo-AAVs, our results show that the enhancement of the transgene expression resulting from exo-AAVs was largely restricted to neurons and oligodendrocytes. Our results suggest (1) the possibility of combining gene therapy with an endoscopic approach to enable tracking of exo-AAV spread, and (2) exo-AAVs allow for widespread, long-term gene expression in the CNS, supporting the use of exo-AAVs as an efficient gene delivery tool.","['Orefice', 'Souchet', 'Braudeau']",2,7,"gene expression, transgene expression","liver, brain, cerebral",20
28882452,AAV-PHP.B-Mediated Global-Scale Expression in the Mouse Nervous System Enables GBA1 Gene Therapy for Wide Protection from Synucleinopathy.,Molecular therapy : the journal of the American Society of Gene Therapy,2017,"The lack of technology for direct global-scale targeting of the adult mouse nervous system has hindered research on brain processing and dysfunctions. Currently, gene transfer is normally achieved by intraparenchymal viral injections, but these injections target a restricted brain area. Herein, we demonstrated that intravenous delivery of adeno-associated virus (AAV)-PHP.B viral particles permeated and diffused throughout the neural parenchyma, targeting both the central and the peripheral nervous system in a global pattern. We then established multiple procedures of viral transduction to control gene expression or inactivate gene function exclusively in the adult nervous system and assessed the underlying behavioral effects. Building on these results, we established an effective gene therapy strategy to counteract the widespread accumulation of α-synuclein deposits throughout the forebrain in a mouse model of synucleinopathy. Transduction of A53T-SCNA transgenic mice with AAV-PHP.B-GBA1 restored physiological levels of the enzyme, reduced α-synuclein pathology, and produced significant behavioral recovery. Finally, we provided evidence that AAV-PHP.B brain penetration does not lead to evident dysfunctions in blood-brain barrier integrity or permeability. Altogether, the AAV-PHP.B viral platform enables non-invasive, widespread, and long-lasting global neural expression of therapeutic genes, such as GBA1, providing an invaluable approach to treat neurodegenerative diseases with diffuse brain pathology such as synucleinopathies.","['Morabito', 'Giannelli', 'Ordazzo']",2,7,"transduction, gene expression","liver, brain, neural",20
32313099,Muscle overexpression of Klf15 via an AAV8-Spc5-12 construct does not provide benefits in spinal muscular atrophy mice.,Gene therapy,2019,"Spinal muscular atrophy (SMA) is a neuromuscular disease caused by loss of the survival motor neuron (SMN) gene. While there are currently two approved gene-based therapies for SMA, availability, high cost, and differences in patient response indicate that alternative treatment options are needed. Optimal therapeutic strategies will likely be a combination of SMN-dependent and -independent treatments aimed at alleviating symptoms in the central nervous system and peripheral muscles. Krüppel-like factor 15 (KLF15) is a transcription factor that regulates key metabolic and ergogenic pathways in muscle. We have recently reported significant downregulation of Klf15 in muscle of presymptomatic SMA mice. Importantly, perinatal upregulation of Klf15 via transgenic and pharmacological methods resulted in improved disease phenotypes in SMA mice, including weight and survival. In the current study, we designed an adeno-associated virus serotype 8 (AAV8) vector to overexpress a codon-optimized Klf15 cDNA under the muscle-specific Spc5-12 promoter (AAV8-Klf15). Administration of AAV8-Klf15 to severe Taiwanese Smn<sup>-/-</sup>;SMN2 or intermediate Smn<sup>2B/-</sup> SMA mice significantly increased Klf15 expression in muscle. We also observed significant activity of the AAV8-Klf15 vector in liver and heart. AAV8-mediated Klf15 overexpression moderately improved survival in the Smn<sup>2B/-</sup> model but not in the Taiwanese mice. An inability to specifically induce Klf15 expression at physiological levels in a time- and tissue-dependent manner may have contributed to this limited efficacy. Thus, our work demonstrates that an AAV8-Spc5-12 vector induces high gene expression as early as P2 in several tissues including muscle, heart, and liver, but highlights the challenges of achieving meaningful vector-mediated transgene expression of Klf15.","['Ahlskog', 'Hayler', 'Krueger']",2,7,"gene expression, transgene expression","liver, muscle, heart",20
31017018,Safe and Sustained Expression of Human Iduronidase After Intrathecal Administration of Adeno-Associated Virus Serotype 9 in Infant Rhesus Monkeys.,Human gene therapy,2019,"Many neuropathic diseases cause early, irreversible neurologic deterioration, which warrants therapeutic intervention during the first months of life. In the case of mucopolysaccharidosis type I, a recessive lysosomal storage disorder that results from a deficiency of the lysosomal enzyme α-l-iduronidase (IDUA), one of the most promising treatment approaches is to restore enzyme expression through gene therapy. Specifically, administering pantropic adeno-associated virus (AAV) encoding IDUA into the cerebrospinal fluid (CSF) via suboccipital administration has demonstrated remarkable efficacy in large animals. Preclinical safety studies conducted in adult nonhuman primates supported a positive risk-benefit profile of the procedure while highlighting potential subclinical toxicity to primary sensory neurons located in the dorsal root ganglia (DRG). This study investigated the long-term performance of intrathecal cervical AAV serotype 9 gene transfer of human IDUA administered to 1-month-old rhesus monkeys (<i>N</i> = 4) with half of the animals tolerized to the human transgene at birth via systemic administration of an AAV serotype 8 vector expressing human IDUA from the liver. Sustained expression of the transgene for almost 4 years is reported in all animals. Transduced cells were primarily pyramidal neurons in the cortex and hippocampus, Purkinje cells in the cerebellum, lower motor neurons, and DRG neurons. Both tolerized and non-tolerized animals were robust and maintained transgene expression as measured by immunohistochemical analysis of brain tissue. However, the presence of antibodies in the non-tolerized animals led to a loss of measurable levels of secreted enzyme in the CSF. These results support the safety and efficiency of treating neonatal rhesus monkeys with AAV serotype 9 gene therapy delivered into the CSF.","['Hordeaux', 'Hinderer', 'Buza']",2,7,"gene expression, transgene expression","liver, brain, cortex",20
31118475,AAV-encoded Ca<sub>V</sub>2.2 peptide aptamer CBD3A6K for primary sensory neuron-targeted treatment of established neuropathic pain.,Gene therapy,2019,"Transmission of pain signals from primary sensory neurons to secondary neurons of the central nervous system is critically dependent on presynaptic voltage-gated calcium channels. Calcium channel-binding domain 3 (CBD3), derived from the collapsin response mediator protein 2 (CRMP2), is a peptide aptamer that is effective in blocking N-type voltage-gated calcium channel (Ca<sub>V</sub>2.2) activity. We previously reported that recombinant adeno-associated virus (AAV)-mediated restricted expression of CBD3 affixed to enhanced green fluorescent protein (EGFP) in primary sensory neurons prevents the development of cutaneous mechanical hypersensitivity in a rat neuropathic pain model. In this study, we tested whether this strategy is effective in treating established pain. We constructed AAV6-EGFP-CBD3A6K (AAV6-CBD3A6K) expressing a fluorescent CBD3A6K (replacing A to K at position 6 of CBD3 peptide), which is an optimized variant of the parental CBD3 peptide that is a more potent blocker of Ca<sub>V</sub>2.2. Delivery of AAV6-CBD3A6K into lumbar (L) 4 and 5 dorsal root ganglia (DRG) of rats 2 weeks following tibial nerve injury (TNI) induced transgene expression in neurons of these DRG and their axonal projections, accompanied by attenuation of pain behavior. We additionally observed that the increased Ca<sub>V</sub>2.2α1b immunoreactivity in the ipsilateral spinal cord dorsal horn and DRG following TNI was significantly normalized by AAV6-CBD3A6K treatment. Finally, the increased neuronal activity in the ipsilateral dorsal horn that developed after TNI was reduced by AAV6-CBD3A6K treatment. Collectively, these results indicate that DRG-restricted AAV6 delivery of CBD3A6K is an effective analgesic molecular strategy for the treatment of established neuropathic pain.","['Yu', 'Shin', 'Xiang']",2,6,"gene expression, transgene expression","liver, spinal cord",19
15960599,Patterns of gene expression from in utero delivery of adenoviral-associated vector serotype 1.,Human gene therapy,2005,"Adenoviral-associated viral vectors (AAV) have shown significant promise for efficient gene delivery to multiple tissues. Studies of different serotypes of AAV revealed different expression patterns provided by gene delivery in postnatal mice. Previous in utero gene delivery studies of AAV serotype 2 (AAV2) demonstrated efficient gene expression in certain fetal tissues depending on route of administration. We studied the pattern of gene expression from AAV serotype 1 (AAV1) using intramuscular, intraperitoneal, and intravascular routes of administration in embryonic day 16 C57BL/6 mice. Limb skeletal muscle transduction was only achieved with AAV1 by intramuscular administration. The levels of gene expression were 20-fold higher than a comparable administration of AAV2. Diaphragm muscle transduction by AAV1 was achieved at the highest level by intraperitoneal administration, and to a lesser degree by intravascular administration. All delivery routes resulted in transgene expression in the lung. Our results indicate that AAV1 can offer higher transgene expression in fetal skeletal muscle than AAV2 with intramuscular administration. The transgene expression pattern in different tissues, which depends on vector serotype and route of administration, will need to be considered in planning therapeutic studies for specific disorders.","['Bilbao', 'Reay', 'Li']",2,9,"transduction, gene expression, transgene expression","liver, muscle, lung, skeletal muscle",19
15944729,Adeno-associated virus (AAV)-7 and -8 poorly transduce vascular endothelial cells and are sensitive to proteasomal degradation.,Gene therapy,2005,"Transduction of the vascular endothelium by adeno-associated virus (AAV) vectors would have broad appeal for gene therapy. However, levels of transduction by AAV serotype-2 are low, an observation linked to deficiencies in endothelial cell binding, sequestration of virions in the extracellular matrix and/or virion degradation by the proteasome. Strategies to improve transduction of endothelial cells include AAV-2 capsid targeting using small peptides isolated by phage display or the use of alternate serotypes. Previously, we have shown that AAV serotypes-3 through -6 transduce endothelial cells with poor efficiency. Recently, AAV serotypes-7 and -8 have been shown to mediate efficient transduction of the skeletal muscle and liver, respectively, although their infectivity profile for vascular cells has not been addressed. Here, we show that AAV-7 and -8 also transduce endothelial cells with poor efficiency and the levels of transgene expression are markedly enhanced by inhibition of the proteasome. In both cases proteasome blockade enhances the nuclear translocation of virions. We further show that this is vascular cell-type selective since transduction of smooth muscle cells is not sensitive to proteasome inhibition. Analysis in intact blood vessels corroborated these findings and suggests that proteasome degradation is a common limiting factor for endothelial cell transduction by AAV vectors.","['Denby', 'Nicklin', 'Baker']",2,9,"transduction, gene expression, transgene expression","liver, muscle, skeletal muscle",19
29766031,A Rationally Engineered Capsid Variant of AAV9 for Systemic CNS-Directed and Peripheral Tissue-Detargeted Gene Delivery in Neonates.,Molecular therapy. Methods & clinical development,2018,"Adeno-associated virus (AAV) has provided the gene therapy field with the most powerful <i>in vivo</i> gene delivery vector to realize safe, efficacious, and sustainable therapeutic gene expression. Because many clinically relevant properties of AAV-based vectors are governed by the capsid, much research effort has been devoted to the development of AAV capsids for desired features. Here, we combine AAV capsid discovery from nature and rational engineering to report an AAV9 capsid variant, designated as AAV9.HR, which retains AAV9's capability to traverse the blood-brain barrier and transduce neurons. This variant shows reduced transduction in peripheral tissues when delivered through intravascular (IV) injection into neonatal mice. Therefore, when IV AAV delivery is used to treat CNS diseases, AAV9.HR has the advantage of mitigating potential off-target effects in peripheral tissues compared to AAV9. We also demonstrate that AAV9.HR is suitable for peripheral tissue-detargeted CNS-directed gene therapy in a mouse model of a fatal pediatric leukodystrophy. In light of recent success with profiling diversified natural AAV capsid repertoires and the understanding of AAV capsid sequence-structure-function relationship, such a combinatory approach to AAV capsid development is expected to further improve vector targeting and expand the vector toolbox for therapeutic gene delivery.","['Wang', 'Li', 'Gessler']",2,6,"transduction, gene expression","liver, brain",19
23427808,Use of a lower dosage liver-detargeted AAV vector to prevent hamster muscular dystrophy.,Human gene therapy,2013,"The BIO14.6 hamster carries a mutation in the delta sarcoglycan gene causing muscular dystrophy and cardiomyopathy. The disease can be prevented by systemic delivery of delta sarcoglycan cDNA using adeno-associated viruses (AAVs). However, all AAVs also target the liver, raising concerns about their therapeutic efficacy in human applications. We compared the AAV2/8 with the chimeric AAV2/2i8, in which the 585-QQNTAP-590 motif of the AAV8 serotype was added to the heparan sulfate receptor footprint of the AAV2 strain. Both vectors carrying the human delta sarcoglycan cDNA were delivered into 24 14-day-old BIO14.6 hamsters. We followed transgene expression in muscle and liver for 7 months. We detected a sustained ectopic expression of delta sarcoglycan in the liver when using AAV2/8 but not AAV2/2i8. Genomic copies of AAV2/2i8 were not detectable in the liver, while at least 100-fold more copies of AAV2/8 were counted. In contrast, the hamster skeletal muscle expressed more delta sarcoglycan using AAV2/2i8 and were still healthy after 7 months at the lower dosage. We conclude that this chimeric vector is a robust option for safer and longer-term diseased muscle targeting.","['Rotundo', 'Lancioni', 'Savarese']",2,9,"gene expression, transgene expression, systemic delivery","liver, muscle, skeletal muscle",19
40766515,Barrier Function of the Extracellular Matrix in AAV Gene Therapy.,bioRxiv : the preprint server for biology,2025,"The extracellular matrix (ECM) is a major component of the tissue microenvironment which may pose a barrier to the distribution of AAV in target organs, preventing delivery of therapeutic cargo. We sought to address this potential barrier to AAV gene therapy by furthering our understanding of AAV-ECM interactions. We hypothesized that both the AAV serotype and ECM composition will impact AAV transport and gene delivery. AAV2, AAV6, and AAV8 viral vectors were fluorescently labeled to allow for visualization of their diffusion through the ECM. Lung, liver, and small intestinal submucosal dECM hydrogels were formulated as models of the ECM with tissue-specific biomolecular content. We then characterized AAV and nanoparticle diffusion within decellularized ECM using fluorescent video microscopy and multiple particle tracking. Additionally, we evaluated AAV transduction in dECM-incorporated 2D and 3D spheroid tissue culture models. All AAV displayed reduced diffusivity through ECM as compared to similarly sized nanoparticles. AAV2 diffusion was least affected by the presence of ECM across tissue types as compared to AAV6 and AAV8. AAV transduction in dECM incorporated <i>in vitro</i> models was significantly reduced in both a 2D and 3D setting. These results suggest binding of AAV to the ECM may decrease their therapeutic effect in target tissues throughout the body. The barrier function of the ECM should be considered in development of AAV for gene therapy applications.","['Cheema', 'Cahn', 'Kumar']",2,6,"transduction, tissue-specific","liver, lung",19
27032612,Vector serotype screening for use in ovine perinatal lung gene therapy.,Journal of pediatric surgery,2016,"Successful in utero or perinatal gene therapy for congenital lung diseases, such as cystic fibrosis and surfactant protein deficiency, requires identifying clinically relevant viral vectors that efficiently transduce airway epithelial cells. The purpose of the current preclinical large animal study was to evaluate lung epithelium transduction of adeno-associated viral (AAV) vector serotypes following intratracheal delivery. Six different AAV vector serotypes (AAV1, AAV5, AAV6, AAV8, AAV9, and AAVrh10) expressing the green fluorescent protein (GFP) as the transgene were injected into the right upper lobe of perinatal sheep via bronchoscopy. At 1 week, samples were harvested, analyzed by fluorescent stereomicroscopy and immunohistochemistry, and quantified using a radial grid and quantitative real-time polymerase chain reaction (qPCR). Fluorescent stereomicroscopy demonstrated GFP expression in the right upper lobe following injection of all AAV serotypes assessed except AAV5. Immunohistochemistry analysis confirmed GFP expression in small- and medium-sized airways following intratracheal injection of AAV1, 6, 8, 9, and rh10. However, only AAV8 and AAVrh10 resulted in transgene expression in large airways. These results were confirmed by qPCR, yet, after 40 cycles, AAV1 did not show GFP gene amplification. Adeno-associated viral vector serotypes 6, 8, 9, and rh10 demonstrated efficient GFP transgene expression at early time points, and AAV8 demonstrated efficient transduction of all airway sizes with high pulmonary GFP expression tested using qPCR.","['McClain', 'Davey', 'Zoltick']",2,8,"transduction, gene expression, transgene expression","liver, lung",19
25520614,Intracisternal delivery of NFκB-inducible scAAV2/9 reveals locoregional neuroinflammation induced by systemic kainic acid treatment.,Frontiers in molecular neuroscience,2014,"We have previously demonstrated disease-dependent gene delivery in the brain using an AAV vector responding to NFκB activation as a probe for inflammatory responses. This vector, injected focally in the parenchyma prior to a systemic kainic acid (KA) injection mediated inducible transgene expression in the hippocampus but not in the cerebellum, regions, respectively, known to be affected or not by the pathology. However, such a focal approach relies on previous knowledge of the model parameters and does not allow to predict the whole brain response to the disease. Global brain gene delivery would allow to predict the regional distribution of the pathology as well as to deliver therapeutic factors in all affected brain regions. We show that self-complementary AAV2/9 (scAAV2/9) delivery in the adult rat cisterna magna allows a widespread but not homogenous transduction of the brain. Indeed, superficial regions, i.e., cortex, hippocampus, and cerebellum were more efficiently transduced than deeper regions, such as striatum, and substantia nigra. These data suggest that viral particles penetration from the cerebrospinal fluid (CSF) into the brain is a limiting factor. Interestingly, AAV2/9-2YF a rationally designed capsid mutant (affecting surface tyrosines) increased gene transfer efficiency approximately fivefold. Neurons, astrocytes, and oligodendrocytes, but not microglia, were transduced in varying proportions depending on the brain region and the type of capsid. Finally, after a single intracisternal injection of scAAV2/9-2YF using the NFκB-inducible promoter, KA treatment induced transgene expression in the hippocampus and cortex but not in the cerebellum, corresponding to the expression of the CD11b marker of microglial activation. These data support the use of disease-inducible vectors administered in the cisterna magna as a tool to characterize the brain pathology in systemic drug-induced or transgenic disease models. However, further improvements are required to enhance viral particles penetration into the brain.","['Bockstael', 'Tenenbaum', 'Dalkara']",2,9,"transduction, gene expression, transgene expression","liver, brain, cortex, striatum",19
20463753,Self-complementary AAV mediates gene targeting and enhances endonuclease delivery for double-strand break repair.,Gene therapy,2010,"Adeno-associated virus (AAV) mediates gene targeting in humans by providing exogenous DNA for allelic replacement through homologous recombination. In comparison to other methods of DNA delivery or alternative DNA substrates, AAV gene targeting is reported to be very efficient, perhaps due to its single-stranded DNA genome, the inverted terminal repeats (ITRs), and/or the consequence of induced cellular signals on infection or uncoating. These viral attributes were investigated in the presence and absence of an I-Sce endonuclease-induced double-strand break (DSB) within a chromosomal defective reporter in human embryonic kidney cells. Gene correction was evaluated using self-complementary (sc) AAV, which forms a duplexed DNA molecule and results in earlier and robust transgene expression compared with conventional single-strand (ss) AAV genomes. An scAAV repair substrate was modestly enhanced for reporter correction showing no dependency on ssAAV genomes for this process. The AAV ITR sequences were also investigated in a plasmid repair context. No correction was noted in the absence of a DSB, however, a modest inhibitory effect correlated with the increasing presence of ITR sequences. Similarly, signaling cascades stimulated upon recombinant AAV transduction had no effect on plasmid-mediated DSB repair. Noteworthy, was the 20-fold additional enhancement in reporter correction using scAAV vectors, over ss versions, to deliver both the repair substrate and the endonuclease. In this case, homologous recombination repaired the defective reporter in 4% of cells without any selection. This report provides novel insights regarding the recombination substrates used by AAV vectors in promoting homologous recombination and points to the initial steps in vector optimization that could facilitate their use in gene correction of genetic disorders.","['Hirsch', 'Green', 'Porteus']",2,8,"transduction, gene expression, transgene expression","liver, kidney",18
18414478,Gene delivery to the juvenile mouse liver using AAV2/8 vectors.,Molecular therapy : the journal of the American Society of Gene Therapy,2008,"Recombinant adeno-associated viral (rAAV) vectors have shown promise for use in liver-targeted gene delivery, but their effects have not been extensively investigated in the immature liver. Understanding the impact of liver growth on the efficacy of transduction is essential, because many monogenic liver diseases that are amenable to gene therapy will require treatment early in life. Here we show that rAAV2/8 transduces the neonatal mouse liver with high efficiency. With just one doubling in liver weight, however, there is a rapid reduction in vector genome numbers, irrespective of form, and the loss of episomal vector is almost complete by 2 weeks. Stable transgene expression is observed in a small percentage of hepatocytes, often in two- to eight-cell clusters, suggestive of genomic integration. Delivery at serially older ages was associated with progressively improved episome persistence and transgene expression. Vector re-administration was possible following initial neonatal administration, albeit at reduced efficacy because of an anticapsid humoral immune response. We also found that intraperitoneal (i.p.) delivery of rAAV2/8 was highly effective at all ages, and that promoter selection is the critical determinant of the intensity and pattern of transgene expression across the hepatic lobule. We conclude that successful use of rAAV to treat liver disease in early childhood will require optimally efficient vector constructs and probable re-administration.","['Cunningham', 'Dane', 'Spinoulas']",2,8,"transduction, gene expression, transgene expression","liver, hepatic",18
15319035,Therapeutic levels of factor IX expression using a muscle-specific promoter and adeno-associated virus serotype 1 vector.,Human gene therapy,2004,"Extensive studies in animal models of the X-linked bleeding disorder hemophilia B (deficiency in functional coagulation factor IX, F.IX) have shown that muscle-directed adeno-associated (AAV)-mediated F.IX gene transfer can be used to treat this disease. However, large vector doses of AAV-2 vector are required for therapeutic levels of expression, and the number of vector doses that can be injected per intramuscular site is limited. Several studies have shown that some of these limitations can be overcome by use of AAV serotype 1 vector. Here, we demonstrate levels of F.IX transgene expression from a synthetic muscle-specific promoter (C5-12) that were higher than from the cytomegalovirus (CMV) immediate-early enhancer-promoter in cultured muscle cells in vitro and approximately 50% of CMV-driven expression in vivo in murine skeletal muscle after AAV-1 gene transfer. These data show for the first time that a tissue-specific promoter can be used to achieve therapeutic levels of muscle-derived F.IX expression in the context of viral gene transfer. However, use of a muscle-specific promoter did not prevent antibody formation in response to a murine F.IX transgene product in mice with F.IX gene deletion, indicating that the risk of humoral immune responses remains in the context of an immunologically unfavorable mutation.","['Liu', 'Mingozzi', 'Rodriguéz-Colôn']",2,8,"gene expression, transgene expression, tissue-specific","muscle, skeletal muscle",18
27259396,Insight into the mechanisms of enhanced retinal transduction by the engineered AAV2 capsid variant -7m8.,Biotechnology and bioengineering,2016,"Recently, we described a modified AAV2 vector-AAV2-7m8-having a capsid-displayed peptide insertion of 10 amino acids with enhanced retinal transduction properties. The insertion of the peptide referred to as 7m8 is responsible for high-level gene delivery into deep layers of the retina when virus is delivered into the eye's vitreous. Here, we further characterize AAV2-7m8 mediated gene delivery to neural tissue and investigate the mechanisms by which the inserted peptide provides better transduction away from the injection site. First, in order to understand if the peptide exerts its effect on its own or in conjunction with the neighboring amino acids, we inserted the 7m8 peptide at equivalent positions on three other AAV capsids, AAV5, AAV8, and AAV9, and evaluated its effect on their infectivity. Intravitreal delivery of these peptide insertion vectors revealed that only AAV9 benefited from 7m8 insertion in the context of the retina. We then investigated AAV2-7m8 and AAV9-7m8 properties in the brain, to better evaluate the spread and efficacy of viral transduction in view of the peptide insertion. While 7m8 insertion led to higher intensity gene expression, the spread of gene expression remained unchanged compared to the parental serotypes. Our results indicate that the 7m8 peptide insertion acts by increasing efficacy of cellular entry, with little effect on the spread of viral particles in neural tissue. The effects of peptide insertion are capsid and tissue dependent, highlighting the importance of the microenvironment in gene delivery using AAV. Biotechnol. Bioeng. 2016;113: 2712-2724. © 2016 Wiley Periodicals, Inc.","['Khabou', 'Desrosiers', 'Winckler']",2,7,"transduction, gene expression","liver, brain, neural",18
28178471,Gene Delivery to the Juvenile Mouse Liver Using AAV2/8 Vectors.,Molecular therapy : the journal of the American Society of Gene Therapy,2008,"Recombinant adeno-associated viral (rAAV) vectors have shown promise for use in liver-targeted gene delivery, but their effects have not been extensively investigated in the immature liver. Understanding the impact of liver growth on the efficacy of transduction is essential, because many monogenic liver diseases that are amenable to gene therapy will require treatment early in life. Here we show that rAAV2/8 transduces the neonatal mouse liver with high efficiency. With just one doubling in liver weight, however, there is a rapid reduction in vector genome numbers, irrespective of form, and the loss of episomal vector is almost complete by 2 weeks. Stable transgene expression is observed in a small percentage of hepatocytes, often in two- to eight-cell clusters, suggestive of genomic integration. Delivery at serially older ages was associated with progressively improved episome persistence and transgene expression. Vector re-administration was possible following initial neonatal administration, albeit at reduced efficacy because of an anticapsid humoral immune response. We also found that intraperitoneal (IP) delivery of rAAV2/8 was highly effective at all ages, and that promoter selection is the critical determinant of the intensity and pattern of transgene expression across the hepatic lobule. We conclude that successful use of rAAV to treat liver disease in early childhood will require optimally efficient vector constructs and probable re-administration.","['Cunningham', 'Dane', 'Spinoulas']",2,8,"transduction, gene expression, transgene expression","liver, hepatic",18
25152446,AAV-mediated targeting of gene expression to the peri-infarct region in rat cortical stroke model.,Journal of neuroscience methods,2014,"For stroke patients the recovery of cognitive and behavioral functions is often incomplete. Functional recovery is thought to be mediated largely by connectivity rearrangements in the peri-infarct region. A method for manipulating gene expression in this region would be useful for identifying new recovery-enhancing treatments. We have characterized a way of targeting adeno-associated virus (AAV) vectors to the peri-infarct region of cortical ischemic lesion in rats 2days after middle cerebral artery occlusion (MCAo). We used magnetic resonance imaging (MRI) to show that the altered properties of post-ischemic brain tissue facilitate the spreading of intrastriatally injected nanoparticles toward the infarct. We show that subcortical injection of green fluorescent protein-encoding dsAAV7-GFP resulted in transduction of cells in and around the white matter tract underlying the lesion, and in the cortex proximal to the lesion. A similar result was achieved with dsAAV7 vector encoding the cerebral dopamine neurotrophic factor (CDNF), a protein with therapeutic potential. Viral vector-mediated intracerebral gene delivery has been used before in rodent models of ischemic injury. However, the method of targeting gene expression to the peri-infarct region, after the initial phase of ischemic cell death, has not been described before. We demonstrate a straightforward and robust way to target AAV vector-mediated over-expression of genes to the peri-infarct region in a rat stroke model. This method will be useful for studying the action of specific proteins in peri-infarct region during the recovery process.","['Mätlik', 'Abo-Ramadan', 'Harvey']",2,7,"transduction, gene expression","liver, brain, cerebral, cortex",17
17960164,Effect of viral dose on neutralizing antibody response and transgene expression after AAV1 vector re-administration in mice.,Gene therapy,2008,"Neutralizing antibodies (nAB) at the time of administration hamper the effectiveness of adeno-associated virus (AAV) as a clinical DNA delivery system. The present study was designed to investigate if AAV re-administration in muscle tissue is dependent on the nAB titer. Recombinant (r)AAV serotype 1, as a promising candidate for targeting skeletal muscle, was used for gene delivery. C57Bl/6 mice were infected intramuscularly with doses between 1 x 10(9) and 5 x 10(10) virus particles (vp) of AAV1-expressing luciferase (AAV1-luc) or human interferon-beta (AAV1-hIFNbeta). Increasing transgene expression was observed over the first 2 months and anti-AAV1 nAB titers peaked between weeks 4 and 8. Six months after the first administration, 5 x 10(10) vp of AAV1-IFNbeta were re-administered. Following re-administration, nAB titers increased but did not significantly affect transgene expression from the AAV vector that had been administered first. In contrast, hIFNbeta expression originating from the second vector administration was significantly diminished and reflected the nAB titer present at the day of re-administration. The present study extends earlier observations that preexisting nAB affects AAV1 re-administration. The level of nAB is proportional to the virus dose used for the first injection and transgene expression following re-administration is dependent on preexisting nAB titer.","['Petry', 'Brooks', 'Orme']",2,7,"gene expression, transgene expression","liver, muscle, skeletal muscle",17
15922969,Widespread and early myocardial gene expression by adeno-associated virus vector type 6 with a beta-actin hybrid promoter.,Molecular therapy : the journal of the American Society of Gene Therapy,2005,"Gene therapy for acute cardiac events such as myocardial infarction requires early gene expression over an entire region of myocardium, which has not been possible using adeno-associated virus (AAV) vectors to date. Here we demonstrate marked improvement in the distribution and rapidity of gene expression in myocardium using the AAV pseudotype 6 (AAV6) vector, compared to the standard serotype 2 (AAV2) vector. An alkaline phosphatase (AP) reporter construct driven by the chicken beta-actin promoter was packaged in either AAV6 or AAV2 capsids and delivered to rat hearts in vivo by direct injection. AP expression was evident in both AAV6 and AAV2 vector-treated hearts as early as 1 day after injection, but increased rapidly in AAV6 vector-treated hearts during the first 7 days. The amplitude of AP activity produced by the AAV6 vector was 5-fold greater than that produced by the equivalent AAV2 vector at both 3 and 7 days postinjection. Additionally, the AAV6 vector transduced a myocardial volume that was 10-fold larger than the AAV2 vector. These results indicate the significant potential of AAV6 serotype vectors for early gene expression and widespread regional transduction of myocardium, both auspicious results for in vivo applications in acute cardiac disease.","['Kawamoto', 'Shi', 'Nitta']",2,7,"transduction, gene expression","liver, heart, cardiac, myocardium",17
12573057,Efficient trans-splicing in the retina expands the utility of adeno-associated virus as a vector for gene therapy.,Human gene therapy,2003,"Recombinant vectors based on adeno-associated virus (AAV) can efficiently transduce many different cell types, including cells of the retina, resulting in stable gene expression. A major shortcoming of this vector is its small packaging capacity. A trans-splicing approach, which reconstitutes gene expression from two independent AAV vectors, can be used to overcome the vector's packaging limitations. The efficiency of this system to date has been disappointing, and therefore its utility for therapeutic application limited. We demonstrate here that efficiency and cellular specificity of trans-splicing is dependent on selection of the appropriate AAV serotype. Efficiency of transgene expression resulting from trans-splicing in skeletal muscle approaches that obtained when delivering the intact transgene when using AAV2 vectors packaged with AAV5 capsids (AAV2/5). This expands the potential of AAV vectors for retinal gene therapy. The use of AAV2/5 also increases the efficiency of trans-splicing in photoreceptors. Selection of the appropriate AAV serotype is likely to affect efficiency of trans-splicing in other organ systems as well.","['Reich', 'Auricchio', 'Hildinger']",2,7,"gene expression, transgene expression","liver, muscle, skeletal muscle",17
17176210,Immunity to adeno-associated virus-mediated gene transfer in a random-bred canine model of Duchenne muscular dystrophy.,Human gene therapy,2007,"Recombinant adeno-associated virus (rAAV)-mediated gene transfer has shown promise for treating diseases in various animal models including the mdx mouse model of Duchenne muscular dystrophy (DMD). In many cases, however, preclinical studies in inbred mice have not successfully predicted human clinical responses. To assess the potential clinical utility of treating human DMD patients by AAV-mediated gene delivery, we performed a series of direct intramuscular injections in random-bred wild-type dogs. AAV serotypes 2 and 6 carrying different promoter-transgene cassettes were produced as previously described for murine studies and administered intramuscularly. The injection sites were biopsied at various time points and analyzed for transgene expression and immunohistochemical analysis. In contrast to the generally nonimmunogenic nature of these vectors in murine studies, both AAV2 and AAV6 vectors elicited robust cellular immune responses regardless of the transgene expressed, the cellular specificity of the promoter, and the muscle type injected. Viral purification by various methods did not diminish T cell-mediated infiltration. Our data indicate that AAV2 and AAV6 capsid proteins can elicit primary cellular immune responses when injected into the skeletal muscle of random-bred dogs, and suggest the possibility of cellular immunity to AAV vectors in humans.","['Wang', 'Allen', 'Riddell']",2,7,"gene expression, transgene expression","liver, muscle, skeletal muscle",17
15517544,Gene transfer into skeletal muscle using novel AAV serotypes.,The journal of gene medicine,2005,"Skeletal muscle is an interesting target for gene delivery because of its mass and because the vectors can be delivered in a noninvasive way. Adeno-associated virus (AAV) vectors are capable of transducing skeletal muscle fibers and achieving stable and safe transgene expression. To date, most animal experiments using AAV have been based on AAV serotype 2, but some recent studies have demonstrated that AAV1 is more efficient than AAV2/2 in transducing muscle fibers. Recently, novel AAVs (AAV7 and AAV8) were isolated from rhesus macaques. We injected three different muscles (gastrocnemius, soleus, biceps femoris) of immunocompetent C57BL/6 mice with different pseudotyped AAV serotypes (AAV2/1, AAV2/2, AAV2/5, AAV2/7 and AAV2/8) and quantitatively compared the different gene transfer efficiencies. The efficiencies of transduction in skeletal muscle with AAV2/7 and AAV2/8 were similar to AAV2/1, and higher than that seen with AAV2/2 and AAV2/5. All serotypes were able to transduce both slow and fast muscle fibers similarly at the vector titer used (1x10(11) genome copies per mouse). Despite a limited inflammatory response (slightly higher when using AAV2/2, AAV2/7 and AAV2/8 vectors than AAV2/1 and AAV2/5), transgene expression was observed throughout the length of the experiment. These results show that AAV2/7 and AAV2/8 are able to transduce muscle fibers of immunocompetent mice very efficiently, offering new perspectives in gene transfer of skeletal muscle.","['Louboutin', 'Wang', 'Wilson']",2,9,"transduction, gene expression, transgene expression","liver, muscle, skeletal muscle",17
15963922,IFN-alpha gene therapy for woodchuck hepatitis with adeno-associated virus: differences in duration of gene expression and antiviral activity using intraportal or intramuscular routes.,Molecular therapy : the journal of the American Society of Gene Therapy,2005,"Gene delivery of IFN-alpha to the liver may represent an interesting strategy to maximize its antiviral efficacy and reduce side effects. We used a recombinant adeno-associated virus (AAV) encoding woodchuck IFN-alpha (AAV-IFN) to treat animals with chronic woodchuck hepatitis virus infection. The vector was given by intraportal or intramuscular route. Long-term transgene expression was detected after intraportal administration of an AAV encoding luciferase. In contrast, in the majority of the animals that received AAV-IFN through the portal vein, the expression of IFN-alpha was transient (30-40 days) and was associated with a significant but transient decrease in viral load. One animal, in which hepatic production of IFN-alpha persisted at high levels, died because of bone marrow toxicity. The disappearance of IFN-alpha expression correlated with the disappearance of AAV genomes from the liver. Intramuscular administration of AAV-IFN resulted in prolonged but fluctuating expression of the cytokine with no significant antiviral effect. In summary, this report shows that long-term expression of IFN-alpha in muscle is feasible but higher interferon levels might be needed to control viral replication. On the other hand, IFN-alpha gene delivery to the liver using an AAV vector induces a significant but transient antiviral effect in the woodchuck model.","['Berraondo', 'Ochoa', 'Crettaz']",2,7,"gene expression, transgene expression","liver, muscle, hepatic",17
24126962,The role of apoptosis in immune hyporesponsiveness following AAV8 liver gene transfer.,Molecular therapy : the journal of the American Society of Gene Therapy,2013,"Gene therapy provides a significant opportunity to treat a variety of inherited and acquired diseases. However, adverse immune responses toward the adeno-associated virus (AAV) antigens may limit its success. The mechanisms responsible for immunity or tolerance toward AAV-encoded transgene products remain poorly defined. Studies in mice demonstrate that AAV2/8 gene transfer to liver is associated with immunological hyporesponsiveness toward both AAV vector and antigenic transgene product. To evaluate the role of activation-induced cell death (AICD) and cytokine withdrawal (intrinsic cell death) in the deletion of mature T lymphocytes, we compared immunological responses in hepatic AAV2/8 transfer in murine recipients lacking the Fas receptor, and recipients overexpressing Bcl-xL, to WT murine counterparts. Prolonged transgene expression was dependent on both Fas signaling and Bcl-xL-regulated apoptosis in T cells. Abrogation of intrinsic cell death enhanced Th1 responses, whereas AICD functioned to limit neutralizing antibody production toward AAV2/8. In addition, immune hyporesponsiveness and stable transgene expression was dependent on upregulation of FasL expression on transduced hepatocytes and a corresponding apoptosis of infiltrating Fas (+) cells. These data provide evidence that both AICD and apoptosis due to cytokine withdrawal of lymphocytes are essential for immune hyporesponsiveness toward hepatic AAV2/8-encoded transgene product in the setting of liver gene transfer.","['Faust', 'Bell', 'Zhu']",2,6,"gene expression, transgene expression","liver, hepatic",16
19505498,"Rapid, reproducible transduction of select forebrain regions by targeted recombinant virus injection into the neonatal mouse brain.",Journal of neuroscience methods,2009,"Viral vectors can mediate long-term gene expression in different regions of the brain. Recombinant adeno-associated virus (rAAV) and Lenti virus (LV) have both gained prominence due to their ability to achieve specific transduction of various neuronal populations. Whilst widespread gene delivery has been obtained by targeted injection of rAAV in various brain structures, LV has also been utilized for infection of stem cell populations for cell lineage tracing. Both viral vector systems are most commonly used for gene delivery in mature brains, but the great potential of somatic gene delivery into the neonate brain has not been systematically exploited. Here we provide a systematic guideline for efficient stereotaxic virus delivery into different neuronal populations of the neonate brain. We demonstrate region specific recombination of a 'stop-floxed' Rosa26 reporter allele upon targeted injection of rAAV vectors expressing Cre-recombinase at postnatal day zero (P0). In addition, utilizing LV, we show efficient transduction of P0 subventricular zone stem cells with subsequent labeling of approximately 20% of migrating neuroblasts along the rostral migratory stream (RMS) into the olfactory bulb. In summary, we report on an optimized protocol for facile, reproducible, high-throughput virus-based gene transfer into neonatal brains of wild-type and genetically altered mice, which allows targeted transduction of different brain regions and distinct neuronal populations.","['Pilpel', 'Landeck', 'Klugmann']",2,6,"transduction, gene expression","liver, brain",16
21431420,Targeting neurons of rat nucleus tractus solitarii with the gene transfer vector adeno-associated virus type 2 to up-regulate neuronal nitric oxide synthase.,Cellular and molecular neurobiology,2011,"Adeno-associated virus (AAV) has distinct advantages over other viral vectors in delivering genes of interest to the brain. AAV mainly transfects neurons, produces no toxicity or inflammatory responses, and yields long-term transgene expression. In this study, we first tested the hypothesis that AAV serotype 2 (AAV2) selectively transfects neurons but not glial cells in the nucleus tractus solitarii (NTS) by examining expression of the reporter gene, enhanced green fluorescent protein (eGFP), in the rat NTS after unilateral microinjection of AAV2eGFP into NTS. Expression of eGFP was observed in 1-2 cells in the NTS 1 day after injection. The number of transduced cells and the intensity of eGFP fluorescence increased from day 1 to day 28 and decreased on day 60. The majority (92.9 ± 7.0%) of eGFP expressing NTS cells contained immunoreactivity for the neuronal marker, protein gene product 9.5, but not that for the glial marker, glial fibrillary acidic protein. We observed eGFP expressing neurons and fibers in the nodose ganglia (NG) both ipsilateral and contralateral to the injection. In addition, eGFP expressing fibers were present in both ipsilateral and contralateral nucleus ambiguus (NA), caudal ventrolateral medulla (CVLM) and rostral ventrolateral medulla (RVLM). Having established that AAV2 was able to transduce a gene into NTS neurons, we constructed AAV2 vectors that contained cDNA for neuronal nitric oxide synthase (nNOS) and examined nNOS expression in the rat NTS after injection of this vector into the area. Results from RT-PCR, Western analysis, and immunofluorescent histochemistry indicated that nNOS expression was elevated in rat NTS that had been injected with AAV2nNOS vectors. Therefore, we conclude that AAV2 is an effective viral vector in chronically transducing NTS neurons and that AAV2nNOS can be used as a specific gene transfer tool to study the role of nNOS in CNS neurons.","['Lin', 'Dragon', 'Jin']",2,6,"gene expression, transgene expression","liver, brain",16
38543056,Brain-Wide Transgene Expression in Mice by Systemic Injection of Genetically Engineered Exosomes: CAP-Exosomes.,"Pharmaceuticals (Basel, Switzerland)",2024,"The bottleneck in drug discovery for central nervous system diseases is the absence of effective systemic drug delivery technology for delivering therapeutic drugs into the brain. Despite the advances in the technology used in drug discovery, such as Adeno-Associated Virus (AAV) vectors, the development of drugs for central nervous system diseases remains challenging. In this manuscript, we describe, for the first time, the development of a workflow to generate a novel brain-targeted drug delivery system that involves the generation of genetically engineered exosomes by first selecting various functional AAV capsid-specific peptides (collectively called CAPs) known to be involved in brain-targeted high-expression gene delivery, and then expressing the CAPs in frame with lysosome-associated membrane glycoprotein (Lamp2b) followed by expressing CAP-Lamp2b fusion protein on the surface of mesenchymal stem cell-derived exosomes, thus generating CAP-exosomes. Intravenous injection of green fluorescent protein (GFP) gene-loaded CAP-exosomes in mice transferred the GFP gene throughout the CNS as measured by monitoring brain sections for GFP expression with confocal microscopy. GFP gene transfer efficiency was at least 20-fold greater than that of the control Lamp2b-exosomes, and GFP gene transduction to mouse liver was low.","['Sarkar', 'Corbin', 'Simpkins']",2,10,"transduction, gene expression, transgene expression, systemic injection","liver, brain",15
40938325,Spatial and longitudinal tracking of enhancer-AAV vectors that target transgene expression to injured mouse myocardium.,eLife,2025,"Tissue regeneration enhancer elements (TREEs) direct expression of target genes in injured and regenerating tissues. Additionally, TREEs of zebrafish origin were shown to direct expression of transgenes in border zone regions after cardiac injury when packaged into recombinant adeno-associated viral (AAV) vectors and introduced into mice. Future implementation of TREEs into AAV-based vectors as research tools and potential gene therapy modalities requires a deeper understanding of expression dynamics and potential off-target effects. Here, we applied in vivo bioluminescent imaging to mice systemically injected with AAV vectors containing different combinations of capsids, enhancers, and timing of delivery. Longitudinal tracking of expression directed by different TREEs revealed distinct amplitudes and durations of reporter gene expression in the injured heart. The liver-de-targeted AAV capsid, AAV.cc84, could deliver TREEs either pre- or post-cardiac injury to negate off-target expression in the liver while maintaining transduction in the heart. By screening AAV9-based capsid libraries dosed systemically in mice post-cardiac injury, we discovered a new capsid variant, AAV.IR41, with enhanced transduction in cardiac injuries and with elevated transduction of TREE-driven transgenes versus conventional AAV9 vectors. In vivo bioluminescence imaging offers insights into how enhancers and engineered capsids can be implemented to modulate spatiotemporal transgene expression for targeted therapies.","['Wolfson', 'Hull', 'Li']",2,9,"transduction, gene expression, transgene expression","liver, heart, cardiac, myocardium",14
38665693,Persistent transgene expression in peripheral tissues one year post intravenous and intramuscular administration of AAV vectors containing the alphaherpesvirus latency-associated promoter 2.,"Frontiers in virology (Lausanne, Switzerland)",2024,"Significant progress has been made in enhancing recombinant adeno-associated virus (rAAV) for clinical investigation. Despite its versatility as a gene delivery platform, the inherent packaging constraint of 4.7 kb imposes restrictions on the range of diseases it can address. In this context, we present findings of an exceptionally compact and long-term promoter that facilitates the expression of larger genes compared to conventional promoters. This compact promoter originated from the genome of the alphaherpesvirus pseudorabies virus, latency-associated promoter 2 (LAP2, 404 bp). Promoter driving an mCherry reporter was packaged into single strand (ss) AAV8 and AAV9 vectors and injected into adult C57BL/6 mice at a dose of 5 × 1011 vg/mouse by single intravenous or intramuscular administration. An ssAAV8 and ssAAV9 vector with elongation factor-1α promoter (EF1α, 1264 bp) was injected side-by-side for comparison. After 400 days, we sacrificed the mice and examined mCherry expression in liver, kidney, heart, lung, spleen, pancreas, skeletal muscle, and brain. We found that LAP2 exhibited robust transgene expression across a wide range of cells and tissues comparable to the larger EF1α, which is currently recognized as a rather potent and ubiquitous promoter. The AAV8-LAP2 and AAV9-LAP2 constructs displayed strong transduction and transcription in liver, kidney, and skeletal muscle on both route of administration. However, no expression was detected in the heart, lung, spleen, pancreas, and brain. The outcomes of our investigation propose the viability of LAP2 for gene therapy applications demanding the expression of large or multiple therapeutic genes following a single viralvector administration.","['Maturana', 'Engel']",2,9,"transduction, gene expression, transgene expression","liver, brain, muscle, heart, lung",14
38501313,Adeno-associated virus mediates gene transduction after static cold storage treatment in rodent lung transplantation.,The Journal of thoracic and cardiovascular surgery,2023,"Adeno-associated virus is a clinically used gene therapy vector but has not been studied in lung transplantation. We sought to determine the efficacy of adeno-associated virus delivery during static cold storage via the airway versus the pulmonary artery before lung transplantation in a rodent model. Lewis rat lung grafts were treated with a dose of 8e8 or 4e9 viral genome/μL recombinant adeno-associated virus subtype-9 vectors containing firefly luciferase genomes administered via the pulmonary artery or airway during cold storage. A control group did not receive adeno-associated virus. Recipient syngeneic rats then underwent single left lung transplantation. Animals underwent bioluminescence imaging on postoperative days 7, 14, 28, and 56. Explanted tissues were prepared as lysates to quantify luciferase activity. Immunohistochemistry was performed to evaluate cellular transgene expression patterns. Control animals with no luminescent signal produced a background radiance of 6.1e4 p/s/cm<sup>2</sup>/sr. In the airway delivery group, mean radiance was greater than the control at 4e9 viral genome/μL postoperative day 7 radiance 6.9e4 p/s/cm<sup>2</sup>/sr (P = .04). In the pulmonary artery delivery group, we observed greater in vivo luminescence in animals receiving 4e9 viral genome/μL compared with all other groups. However, analysis of tissue lysate revealed greater luminescence in the airway delivery group and suggested off-target expression in heart and liver tissue in the pulmonary artery delivery group. Immunohistochemistry demonstrated transgene staining in distal airway epithelium and alveoli but sparing of the vasculature in the airway delivery group. Adeno-associated virus mediates gene transduction during static cold storage in rat lung isografts when administered via the airway and pulmonary artery. Airway administration leads to robust transgene expression in respiratory epithelial cells, whereas pulmonary artery administration targets alternative cell types and increases extrapulmonary transgene expression.","['Kesseli', 'Krischak', 'Gao']",2,9,"transduction, gene expression, transgene expression","liver, heart, lung",14
40522061,Long-Term Safety and Efficacy of AAV9 Vectors Expressing Human SMN1 Gene: A Preclinical Study.,Basic & clinical pharmacology & toxicology,2025,"Spinal muscular atrophy (SMA) is a severe genetic neuromuscular disorder caused by deletions or mutations in the SMN1 gene, leading to reduced levels of the survival motor neuron (SMN) protein. Gene therapy using adeno-associated virus serotype 9 (AAV9) has emerged as a promising treatment strategy for SMA by enabling systemic delivery of a functional SMN1 gene. This preclinical study evaluates the long-term safety and efficacy of an AAV9 vector expressing a codon-optimized human SMN1 gene (AAV9-hcoSMN) in neonatal mice. A single intravenous dose of 5 × 10<sup>11</sup> vector genomes per mouse was administered, with animals monitored over a 24-week period for therapeutic outcomes and safety profiles. Safety assessments, including clinical observations, haematological and biochemical analyses (such as CBC, liver function tests and coagulation tests), necropsy and histopathological examinations via H&E, revealed no significant adverse effects. Treated mice demonstrated 100% survival rates and exhibited no abnormalities in organ structure or function compared to controls. Efficacy assessments using quantitative PCR confirmed robust SMN1 transgene expression in key tissues, including the central nervous system, heart, liver and skeletal muscles. These findings demonstrate that AAV9-hcoSMN therapy achieves sustained and widespread transgene expression with no observable toxicity in a neonatal mouse model, reinforcing the therapeutic potential of AAV9-based gene delivery for SMA. By providing robust preclinical evidence of both safety and efficacy, this study contributes to the growing body of data supporting gene therapy as a viable, long-term treatment strategy for SMA. These results also help inform vector design, dosing strategies and safety monitoring for future clinical translation. Further studies in larger animal models are warranted to assess long-term durability and immunogenicity prior to human application. SUMMARY: Spinal muscular atrophy (SMA) is a serious genetic disorder that weakens muscles and can be life-threatening. Our study tested a potential gene therapy using a harmless virus (AAV9) to deliver a healthy version of the faulty gene that causes SMA. We treated newborn mice and observed them for 6 months to check for any side effects and see if the therapy worked. The results were promising-treated mice had no health problems, and the new gene was active in important organs like the brain, muscles, and heart. This research brings us closer to a safe and effective treatment for SMA.","['Mansouri', 'Bemanalizadeh', 'Ahmadbeigi']",2,9,"gene expression, transgene expression, systemic delivery","liver, brain, muscle, heart, skeletal muscle",14
16099465,Persistent liver expression of murine apoA-l using vectors based on adeno-associated viral vectors serotypes 5 and 1.,Atherosclerosis,2006,"Plasma levels of high-density lipoprotein-cholesterol (HDL-C) and apolipoprotein A-l (apoA-l) are inversely related to risk for coronary heart disease. Overexpression of apoA-l inhibits atherosclerosis in animal models. A method of stably expressing apoA-l using somatic gene transfer would be of interest. Pseudotyped adeno-associated virus (AAV) vectors comprised of inverted terminal repeats from AAV serotype 2 have been used for liver-directed gene transfers. We hypothesized that liver-directed gene transfer of apoA-l using vectors based on AAV serotypes 1 and 5 would result in higher-level, prolonged expression of apoA-l and increased HDL-C. To test this hypothesis we injected apoA-l-/- mice via the tail vein with either AAV2, AAV1 or AAV5 vectors encoding the murine apoA-l cDNA driven by the liver-specific thyroxine binding globulin promoter. Plasma levels of murine apoA-l and HDL-C were highest in mice injected with the AAV1-based vector and lowest in mice injected with the AAV2-based vector. Expression of apoA-l was stable up to 1 year after vector injection. These results indicate that AAV5 and AAV1 are more effective vectors for achieving higher levels of stable transgene expression of apoA-l after liver-directed gene transfer than AAV2. Furthermore, AAV1-based vectors generate higher apoA-l levels than AAV5-based vectors. It is possible that the levels of expression achieved using these vectors will be therapeutic in preventing atherosclerosis.","['Kitajima', 'Marchadier', 'Burstein']",2,6,"gene expression, transgene expression","liver, heart",14
40111594,Retro-Orbital Delivery of AAVs for CNS Wide Astrocyte Targeting.,"Methods in molecular biology (Clifton, N.J.)",2025,"Viral vector-mediated astrocyte targeting in live mice is a popular and valuable method to investigate astrocyte function in the context of intact neural circuits and complex brain physiology. Targeted genetic manipulation and functional investigation of this cell population can be accomplished by utilizing cell type-specific promoters to drive adeno-associated virus (AAV)-mediated transgene expression specifically in astrocytes. Here, we provide a comprehensive protocol for non-invasive retro-orbital (RO) administration of blood-brain barrier (BBB)-crossing AAVs in neonatal and adult mice, such as AAV-PHP.B, AAV-PHP.eB, and AAV.CAP-B22, which results in central nervous system (CNS)-wide transduction. Key procedures outlined include the preparation of AAV solutions for injection, a modified two-handed injection technique for precise and consistent RO injections, and a training strategy to practice mock RO injections using non-toxic dyes. This protocol serves as a valuable resource for researchers interested in exploring the roles of astrocytes in brain functions and neurological disorders.","['Natale', 'Holt']",2,9,"transduction, gene expression, transgene expression","liver, brain, neural",14
40655009,Spatial and longitudinal tracking of enhancer-AAV vectors that target transgene expression to injured mouse myocardium.,bioRxiv : the preprint server for biology,2025,"Tissue regeneration enhancer elements (TREEs) direct expression of target genes in injured and regenerating tissues. Additionally, TREEs of zebrafish origin were shown to direct the expression of transgenes in border zone regions after cardiac injury when packaged into recombinant AAV vectors and introduced into mice. Future implementation of TREEs into AAV-based vectors as research tools and potential gene therapy modalities will require a more detailed understanding of expression dynamics and potential off-target effects. Here, we applied in vivo bioluminescent imaging to mice systemically injected with AAV vectors containing different combinations of capsids, enhancers, and timing of delivery. Longitudinal tracking of TREE-based expression over time revealed distinct amplitudes and durations of reporter gene expression in the injured heart directed by different TREEs. The liver-de-targeted AAV capsid, AAV.cc84, was able to deliver TREEs either pre- or post-cardiac injury to negate off-target expression in the liver while maintaining transduction in the heart. By screening AAV9-based capsid libraries dosed systemically in mice post-cardiac injury, we discovered a new capsid variant, AAV.IR41, with enhanced transduction at cardiac border zone regions, and with elevated transduction of TREE driven transgenes versus conventional AAV9 vectors. In vivo bioluminescence imaging offers insights into how enhancers and engineered capsids can be implemented to modulate spatiotemporal transgene expression for future targeted therapies.","['Wolfson', 'Hull', 'Li']",2,9,"transduction, gene expression, transgene expression","liver, heart, cardiac, myocardium",14
35616444,Single-Cell Quantification of Triple-AAV Vector Genomes Coexpressed in Neurons.,Current protocols,2022,"Adeno-associated viruses (AAVs) are one of the most widely used types of viral vectors for research and gene therapy. AAV vectors are safe, have a low immunogenic profile, and provide efficient and long-term transgene expression in a variety of tissues and organs targeted by a specific serotype. Despite these unique features, therapeutic applications, as well as basic research studies, of AAVs have been limited by their packaging capacity of less than 5 kb. Multiple strategies have been explored to deliver large genes. One strategy is to split large transgenes into two or three fragments and package them into separate AAV capsids, generating dual or triple AAV vectors. Combining the fragments potentially allows reconstitution of an mRNA transcript containing the complete sequence of transgene in the same cell. The success of AAVs as vectors for the delivery of large or multiple genes depends directly on the efficiency of co-transduction. Here, we describe a method to measure the efficacy of codelivery, quantifying the number of AAV vectors per cell. We detail how to calculate the average number of incoming AAV genomes in neurons, given the distribution of cell fluorescence across in vitro and in vivo experimental models. To validate the method, we simulated a triple AAV strategy using three fluorescent-protein-encoding genes. We provide a general protocol for constructing plasmids and producing and purifying AAV vectors. We also include a protocol for triple AAV vector co-transduction in primary neuronal cultures and mouse brain. The method can be applied to multiple organs and tissues for the treatment of disorders caused by mutations in multiple or large genes. These protocols will be useful for researchers working to develop and improve new gene delivery technologies. © 2022 Wiley Periodicals LLC. Basic Protocol 1: Construction of AAV plasmids and production of AAVs Basic Protocol 2: AAV transduction of primary superior cervical ganglia (SCG) neuronal cultures Basic Protocol 3: Mouse surgery, AAV injection, and tissue collection and processing Basic Protocol 4: Image analysis and AAV genome quantification.","['Maturana', 'Verpeut', 'Engel']",2,8,"transduction, gene expression, transgene expression","liver, brain",13
33758865,Design and proof-of-concept for targeted phage-based COVID-19 vaccination strategies with a streamlined cold-free supply chain.,bioRxiv : the preprint server for biology,2021,"Development of effective vaccines against Coronavirus Disease 2019 (COVID-19) is a global imperative. Rapid immunization of the world human population against a widespread, continually evolving, and highly pathogenic virus is an unprecedented challenge, and many different vaccine approaches are being pursued to meet this task. Engineered filamentous bacteriophage (phage) have unique potential in vaccine development due to their inherent immunogenicity, genetic plasticity, stability, cost-effectiveness for large-scale production, and proven safety profile in humans. Herein we report the design, development, and initial evaluation of targeted phage-based vaccination approaches against Severe Acute Respiratory Syndrome Coronavirus-2 (SARS-CoV-2) by using dual ligand peptide-targeted phage and adeno-associated virus/phage (AAVP) particles. Towards a unique phage- and AAVP-based dual-display candidate approach, we first performed structure-guided antigen design to select six solvent-exposed epitopes of the SARS-CoV-2 spike (S) protein for display on the recombinant major capsid coat protein pVIII. Targeted phage particles carrying one of these epitopes induced a strong and specific humoral response. In an initial experimental approach, when these targeted phage particles were further genetically engineered to simultaneously display a ligand peptide (CAKSMGDIVC) on the minor capsid protein pIII, which enables receptor-mediated transport of phage particles from the lung epithelium into the systemic circulation (termed ""dual-display""), they enhanced a systemic and specific spike (S) protein-specific antibody response upon aerosolization into the lungs of mice. In a second line of investigation, we engineered targeted AAVP particles to deliver the entire S protein gene under the control of a constitutive cytomegalovirus (CMV) promoter, which induced tissue-specific transgene expression stimulating a systemic S protein-specific antibody response. As proof-of-concept preclinical experiments, we show that targeted phage- and AAVP-based particles serve as robust yet versatile enabling platforms for ligand-directed immunization and promptly yield COVID-19 vaccine prototypes for further translational development. The ongoing COVID-19 global pandemic has accounted for over 2.5 million deaths and an unprecedented impact on the health of mankind worldwide. Over the past several months, while a few COVID-19 vaccines have received Emergency Use Authorization and are currently being administered to the entire human population, the demand for prompt global immunization has created enormous logistical challenges--including but not limited to supply, access, and distribution--that justify and reinforce the research for additional strategic alternatives. Phage are viruses that only infect bacteria and have been safely administered to humans as antibiotics for decades. As experimental proof-of-concept, we demonstrated that aerosol pulmonary vaccination with lung-targeted phage particles that display short epitopes of the S protein on the capsid as well as preclinical vaccination with targeted AAVP particles carrying the S protein gene elicit a systemic and specific immune response against SARS-CoV-2 in immunocompetent mice. Given that targeted phage- and AAVP-based viral particles are sturdy yet simple to genetically engineer, cost-effective for rapid large-scale production in clinical grade, and relatively stable at room temperature, such unique attributes might perhaps become additional tools towards COVID-19 vaccine design and development for immediate and future unmet needs.","['Staquicini', 'Tang', 'Markosian']",2,8,"gene expression, transgene expression, tissue-specific","liver, lung",13
40161599,AAV-mediated MUC5AC siRNA delivery to prevent mucociliary dysfunction in asthma.,bioRxiv : the preprint server for biology,2025,"The main structural components of mucus produced in the lung are mucin 5B (MUC5B) and mucin 5AC (MUC5AC) where a relatively higher expression of MUC5B is typical in health. In the lungs of individuals with asthma, there is a shift from MUC5B to MUC5AC as the predominantly secreted mucin which has been shown to impair mucociliary clearance (MCC) and increase mucus plug formation in the airways. Given its role in asthmatic lung disease, MUC5AC represents a potential therapeutic target where a gene delivery approach could be leveraged to modulate its expression. For these purposes, we explored adeno-associated virus serotype 6 (AAV6), as a lung-tropic viral gene vector to target airway epithelial cells and reduce MUC5AC expression via siRNA delivery. We confirmed that AAV6 was able to transduce epithelial cells in the airways of healthy mice with high transgene expression in mucus-secreting goblet cells. Using multiple particle tracking analysis, we observed that AAV6 was capable of penetrating both normal and MUC5AC-enriched mucus barriers. Successful transduction with AAV6 was also achieved in IL-13 stimulated human airway epithelial (HAE) cells differentiated at air-liquid interface (ALI). AAV6 expressing MUC5AC-targeting siRNA was evaluated as a prophylactic treatment in HAE cell cultures before IL-13 challenge. IL-13 stimulated HAE cultures treated with AAV6-MUC5AC siRNA had significantly reduced MUC5AC mRNA and protein expression compared to untreated controls. Mucociliary transport in IL-13 stimulated HAE cultures was also maintained and comparable to healthy controls following AAV6-MUC5AC siRNA treatment. Together, these findings support that AAV6 may be used as an inhaled gene therapy to suppress MUC5AC overexpression and restore normal airway clearance function in asthma.","['Kumar', 'Corkran', 'Cheema']",2,8,"transduction, gene expression, transgene expression","liver, lung",13
40489393,Widespread Transduction of Mouse Neocortical Neurons by Subarachnoid Injection of AAV2.,Journal of visualized experiments : JoVE,2025,"Recombinant adeno-associated viruses are a flexible and powerful tool for the delivery and expression of various genes of interest in many areas of experimental biology, particularly in neuroscience. The most popular method to drive the expression of a desired transgene in a particular brain area is to inject an AAV vector directly into the brain parenchyma. However, this method does not allow widespread neuronal transduction that is required for some in vivo experiments. In this article, we present a new technique for widespread gene expression in the mouse neocortex based on viral infusion into the subarachnoid space of the brain. This neuronal labeling method not only ensures widespread transduction of neurons in adult mouse superficial neocortical layers but also results in expression of the transgene in a large population of layer five pyramidal neurons with high specificity even when using a strong non-selective promoter such as CAG. Moreover, because cell transduction takes place at a significant distance from the injection site, this method can help preserve brain tissue for subsequent optical or electrophysiological recordings of neuronal activity.","['Smirnova', 'Osipova', 'Borodinova']",2,7,"transduction, gene expression","liver, brain, cortex",12
40348051,Dynein-regulated brain transduction of AAV.CAP-B10 via cerebral lateral ventricle enhances hippocampal function after traumatic brain injury through Ngf gene delivery in mice.,Experimental neurology,2025,"The blood-brain barrier (BBB) poses a significant challenge for the intravenous delivery of drugs targeting central nervous system (CNS) diseases. Recently, a novel adeno-associated virus (AAV)-9 variant, AAV.CAP-B10, has shown promise due to its high BBB-crossing efficiency and low liver toxicity. However, its strain dependency, ability to transduce the brain following cerebral lateral ventricle (CLV) injection, and underlying mechanisms remain unclear. In this study, we intravenously administered AAV.CAP-B10 to C57BL/6 and BALB/c mice to evaluate its ability to cross the BBB. We also injected AAV.CAP-B10 into the CLV of both mouse strains to assess brain transduction and explored its mechanisms using ciliobrevin D, a dynein inhibitor. Additionally, we tested whether AAV.CAP-B10 could deliver the nerve growth factor (Ngf) gene to treat traumatic brain injury (TBI) in mice. Our results showed that intravenous AAV.CAP-B10 effectively crossed the BBB in C57BL/6 mice but not in BALB/c mice. Brain transduction via CLV was significantly reduced in ciliobrevin D-treated mice, implicating dynein in this process. Furthermore, AAV.CAP-B10-mediated Ngf gene expression improved hippocampal function in TBI mice. These findings highlight the strain-dependent BBB penetration of AAV.CAP-B10, its dynein-associated hippocampal transduction via CLV, and its potential as a therapeutic gene vector for TBI treatment.","['Wang', 'Ding', 'He']",2,7,"transduction, gene expression","liver, brain, cerebral",12
35100024,Salt-Induced Hepatic Inflammatory Memory Contributes to Cardiovascular Damage Through Epigenetic Modulation of SIRT3.,Circulation,2022,"High salt intake is the leading dietary risk factor for cardiovascular diseases. Although clinical evidence suggests that high salt intake is associated with nonalcoholic fatty liver disease, which is an independent risk factor for cardiovascular diseases, it remains elusive whether salt-induced hepatic damage leads to the development of cardiovascular diseases. Mice were fed with normal or high-salt diet for 8 weeks to determine the effect of salt loading on liver histological changes and blood pressure, and salt withdrawal and metformin treatment were also conducted on some high-salt diet-fed mice. Adeno-associated virus 8, global knockout, or tissue-specific knockout mice were used to manipulate the expression of some target genes in vivo, including SIRT3 (sirtuin 3), NRF2 (NF-E2-related factor 2), and AMPK (AMP-activated protein kinase). Mice fed with a high-salt diet displayed obvious hepatic steatosis and inflammation, accompanied with hypertension and cardiac dysfunction. All these pathological changes persisted after salt withdrawal, displaying a memory phenomenon. Gene expression analysis and phenotypes of SIRT3 knockout mice revealed that reduced expression of SIRT3 was a chief culprit responsible for the persistent inflammation in the liver, and recovering SIRT3 expression in the liver effectively inhibits the sustained hepatic inflammation and cardiovascular damage. Mechanistical studies reveal that high salt increases acetylated histone 3 lysine 27 (H3K27ac) on SIRT3 promoter in hepatocytes, thus inhibiting the binding of NRF2, and results in the sustained inhibition of SIRT3 expression. Treatment with metformin activated AMPK, which inhibited salt-induced hepatic inflammatory memory and cardiovascular damage by lowering the H3K27ac level on SIRT3 promoter, and increased NRF2 binding ability to activate SIRT3 expression. This study demonstrates that SIRT3 inhibition caused by histone modification is the key factor for the persistent hepatic steatosis and inflammation that contributes to cardiovascular damage under high salt loading. Avoidance of excessive salt intake and active intervention of epigenetic modification may help to stave off the persistent inflammatory status that underlies high-salt-induced cardiovascular damage in clinical practice.","['Gao', 'You', 'Li']",2,7,"gene expression, tissue-specific","liver, hepatic, cardiac",12
36915910,"Adeno-associated virus-vectored delivery of HIV biologics: the promise of a ""single-shot"" functional cure for HIV infection.",Journal of virus eradication,2023,"The ability of immunoglobulin-based HIV biologics (Ig-HIV), including broadly neutralizing antibodies, to suppress viral replication in pre-clinical and clinical studies illustrates how these molecules can serve as alternatives or adjuncts to antiretroviral therapy for treating HIV infection. However, the current paradigm for delivering Ig-HIVs requires repeated passive infusions, which faces both logistical and economic challenges to broad-scale implementation. One promising way to overcome these obstacles and achieve sustained expression of Ig-HIVs <i>in vivo</i> involves the transfer of Ig-HIV genes to host cells utilizing adeno-associated virus (AAV) vectors. Because AAV vectors are non-pathogenic and their genomes persist in the cell nucleus as episomes, transgene expression can last for as long as the AAV-transduced cell lives. Given the long lifespan of myocytes, skeletal muscle is a preferred tissue for AAV-based immunotherapies aimed at achieving persistent delivery of Ig-HIVs. Consistent with this idea, recent studies suggest that lifelong immunity against HIV can be achieved from a one-time intramuscular dose of AAV/Ig-HIV vectors. However, realizing the promise of this approach faces significant hurdles, including the potential of AAV-delivered Ig-HIVs to induce anti-drug antibodies and the high AAV seroprevalence in the human population. Here we describe how these host immune responses can hinder AAV/Ig-HIV therapies and review current strategies for overcoming these barriers. Given the potential of AAV/Ig-HIV therapy to maintain ART-free virologic suppression and prevent HIV reinfection in people living with HIV, optimizing this strategy should become a greater priority in HIV/AIDS research.","['Hahn', 'Martins']",2,7,"gene expression, transgene expression","liver, muscle, skeletal muscle",12
37392007,Therapeutic strategy for Fabry disease by intravenous administration of adeno-associated virus 2 or 9 in α-galactosidase A-deficient mice.,The journal of gene medicine,2023,"Fabry disease (FD) is an inherited lysosomal storage disease caused by deficiency of α-galactosidase A (α-Gal A) encoded by the GLA gene. The symptoms of FD occur as a result of the accumulation of globotriaosylceramide (Gb3), comprising a substrate of α-Gal A, in the organs. Adeno-associated virus (AAV)-mediated gene therapy is a promising treatment for FD. α-Gal A knockout (GLAko) mice were injected intravenously with AAV2 (1 × 10<sup>11</sup> viral genomes [vg]) or AAV9 (1 × 10<sup>11</sup> or 2 × 10<sup>12</sup> vg) vectors carrying human GLA (AAV-hGLA), and plasma, brain, heart, liver and kidney were tested for α-Gal A activity. The vector genome copy numbers (VGCNs) and Gb3 content in each organ were also examined. The plasma α-Gal A enzymatic activity was three-fold higher in the AAV9 2 × 10<sup>12</sup> vg group than wild-type (WT) controls, which was maintained for up to 8 weeks after injection. In the AAV9 2 × 10<sup>12</sup> vg group, the level of α-Gal A expression was high in the heart and liver, intermediate in the kidney, and low in the brain. VGCNs in the all organs of the AAV9 2 × 10<sup>12</sup> vg group significantly increased compared to the phosphate-buffered-saline (PBS) group. Although Gb3 in the heart, liver and kidney of the AAV9 2 × 10<sup>12</sup> vg was reduced compared to PBS group and AAV2 group, and the amount of Gb3 in the brain was not reduced. Systemic injection of AAV9-hGLA resulted in α-Gal A expression and Gb3 reduction in the organs of GLAko mice. To expect a higher expression of α-Gal A in the brain, the injection dosage, administration route and the timing of injection should be reconsidered.","['Hayashi', 'Sehara', 'Watano']",2,7,"systemic injection, intravenous administration","liver, brain, heart, kidney",12
34414171,PhP.B Enhanced Adeno-Associated Virus Mediated-Expression Following Systemic Delivery or Direct Brain Administration.,Frontiers in bioengineering and biotechnology,2021,"Of the adeno-associated viruses (AAVs), AAV9 is known for its capability to cross the blood-brain barrier (BBB) and can, therefore, be used as a noninvasive method to target the central nervous system. Furthermore, the addition of the peptide PhP.B to AAV9 increases its transduction across the BBB by 40-fold. Another neurotropic serotype, AAV5, has been shown as a gene therapeutic delivery vehicle to ameliorate several neurodegenerative diseases in preclinical models, but its administration requires invasive surgery. In this study, AAV9-PhP.B and AAV5-PhP.B were designed and produced in an insect cell-based system. To AAV9, the PhP.B peptide TLAVPFK was added, whereas in AAV5-PhP.B (AQTLAVPFKAQAQ), with AQ-AQAQ sequences used to swap with the corresponding sequence of AAV5. The addition of PhP.B to AAV5 did not affect its capacity to cross the mouse BBB, while increased transduction of liver tissue was observed. Then, intravenous (IV) and intrastriatal (IStr) delivery of AAV9-PhP.B and AAV5 were compared. For AAV9-PhP.B, similar transduction and expression levels were achieved in the striatum and cortex, irrespective of the delivery method used. IStr administration of AAV5 resulted in significantly higher amounts of vector DNA and therapeutic miRNA in the target regions such as striatum and cortex when compared with an IV administration of AAV9-PhP.B. These results illustrate the challenge in developing a vector that can be delivered noninvasively while achieving a transduction level similar to that of direct administration of AAV5. Thus, for therapeutic miRNA delivery with high local expression requirements, intraparenchymal delivery of AAV5 is preferred, whereas a humanized AAV9-PhP.B may be useful when widespread brain (and peripheral) transduction is needed.","['Pietersz', 'Plessis', 'Pouw']",2,7,"transduction, systemic delivery","liver, brain, cortex, striatum",12
39237935,"AAV-DJ is superior to AAV9 for targeting brain and spinal cord, and de-targeting liver across multiple delivery routes in mice.",Journal of translational medicine,2024,"Highly efficient adeno associated viruses (AAVs) targeting the central nervous system (CNS) are needed to deliver safe and effective therapies for inherited neurological disorders. The goal of this study was to compare the organ-specific transduction efficiencies of two AAV capsids across three different delivery routes. We compared AAV9-CBA-fLucYFP to AAV-DJ-CBA-fLucYFP using the following delivery routes in mice: intracerebroventricular (ICV) 1 × 10<sup>12</sup> vg/kg, intrathecal (IT) 1 × 10<sup>12</sup> vg/kg, and intravenous (IV) 1 × 10<sup>13</sup> vg/kg body weight. Our evaluations revealed that following ICV and IT administrations, AAV-DJ demonstrated significantly increased vector genome (vg) uptake throughout the CNS as compared to AAV9. Through the IV route, AAV9 demonstrated significantly increased vg uptake in the CNS. However, significantly fewer vgs were detected in the off-target organs (kidney and liver) following administration of AAV-DJ using the IT and IV delivery routes as compared to AAV9. Distributions of vgs correlate well with transgene transcript levels, luciferase enzyme activities, and immunofluorescence detection of YFP. Overall, between the two vectors, AAV-DJ resulted in better targeting and expression in CNS tissues paired with de-targeting and reduced expression in liver and kidneys. Our findings support further examination of AAV-DJ as a gene therapy capsid for the treatment of neurological disorders.","['Chauhan', 'Daugherty', 'Khadir']",2,7,"transduction, organ-specific","liver, brain, kidney, spinal cord",12
34664552,"scAAVengr, a transcriptome-based pipeline for quantitative ranking of engineered AAVs with single-cell resolution.",eLife,2021,"Adeno-associated virus (AAV)-mediated gene therapies are rapidly advancing to the clinic, and AAV engineering has resulted in vectors with increased ability to deliver therapeutic genes. Although the choice of vector is critical, quantitative comparison of AAVs, especially in large animals, remains challenging. Here, we developed an efficient single-cell AAV engineering pipeline (scAAVengr) to simultaneously quantify and rank efficiency of competing AAV vectors across all cell types in the same animal. To demonstrate proof-of-concept for the scAAVengr workflow, we quantified - with cell-type resolution - the abilities of naturally occurring and newly engineered AAVs to mediate gene expression in primate retina following intravitreal injection. A top performing variant identified using this pipeline, K912, was used to deliver SaCas9 and edit the rhodopsin gene in macaque retina, resulting in editing efficiency similar to infection rates detected by the scAAVengr workflow. scAAVengr was then used to identify top-performing AAV variants in mouse brain, heart, and liver following systemic injection. These results validate scAAVengr as a powerful method for development of AAV vectors. This work was supported by funding from the Ford Foundation, NEI/NIH, Research to Prevent Blindness, Foundation Fighting Blindness, UPMC Immune Transplant and Therapy Center, and the Van Sloun fund for canine genetic research.","['Öztürk', 'Johnson', 'Kleyman']",2,7,"gene expression, systemic injection","liver, brain, heart",12
28433936,"Sustained viral gene delivery from a micro-fibrous, elastomeric cardiac patch to the ischemic rat heart.",Biomaterials,2017,"Biodegradable and elastomeric patches have been applied to the surface of infarcted hearts as temporary mechanical supports to effectively alter adverse left ventricular remodeling processes. In this report, recombinant adeno-associated virus (AAV), known for its persistent transgene expression and low pathogenicity, was incorporated into elastomeric polyester urethane urea (PEUU) and polyester ether urethane urea (PEEUU) and processed by electrospinning into two formats (solid fibers and core-sheath fibers) designed to influence the controlled release behavior. The extended release of AAV encoding green fluorescent protein (GFP) was assessed in vitro. Sustained and localized viral particle delivery was achieved over 2 months in vitro. The biodegradable cardiac patches with or without AAV-GFP were implanted over rat left ventricular lesions three days following myocardial infarction to evaluate the transduction effect of released viral vectors. AAV particles were directly injected into the infarcted hearts as a control. Cardiac function and remodeling were significantly improved for 12 weeks after patch implantation compared to AAV injection. More GFP genes was expressed in the AAV patch group than AAV injection group, with both α-SMA positive cells and cardiac troponin T positive cells transduced in the patch group. Overall, the extended release behavior, prolonged transgene expression, and elastomeric mechanical properties make the AAV-loaded scaffold an attractive option for cardiac tissue engineering where both gene delivery and appropriate mechanical support are desired.","['Gu', 'Matsumura', 'Tang']",2,9,"transduction, gene expression, transgene expression","liver, heart, cardiac",12
30890951,Adeno-Associated Virus Mediated Gene Delivery: Implications for Scalable <i>in vitro</i> and <i>in vivo</i> Cardiac Optogenetic Models.,Frontiers in physiology,2019,"Adeno-associated viruses (AAVs) provide advantages in long-term, cardiac-specific gene expression. However, AAV serotype specificity data is lacking in experimental models relevant to cardiac electrophysiology and cardiac optogenetics. We aimed to identify the optimal AAV serotype (1, 6, or 9) in pursuit of scalable rodent and human models using genetic modifications in cardiac electrophysiology and optogenetics, in particular, as well as to elucidate the mechanism of virus uptake. <i>In vitro</i> syncytia of primary neonatal rat ventricular cardiomyocytes (NRVMs) and human induced pluripotent stem cell-derived cardiomyocytes (hiPSC-CMs) were infected with AAVs 1, 6, and 9 containing the transgene for eGFP or channelrhodopsin-2 (ChR2) fused to mCherry. <i>In vivo</i> adult rats were intravenously injected with AAV1 and 9 containing ChR2-mCherry. Transgene expression profiles of rat and human cells <i>in vitro</i> revealed that AAV1 and 6 significantly outperformed AAV9. In contrast, systemic delivery of AAV9 in adult rat hearts yielded significantly higher levels of ChR2-mCherry expression and optogenetic responsiveness. We tracked the mechanism of virus uptake to purported receptor-mediators for AAV1/6 (cell surface sialic acid) and AAV9 (37/67 kDa laminin receptor, LamR). <i>In vitro</i> desialylation of NRVMs and hiPSC-CMs with neuraminidase (NM) significantly decreased AAV1,6-mediated gene expression, but interestingly, desialylation of hiPSC-CMs increased AAV9-mediated expression. In fact, only very high viral doses of AAV9-ChR2-mCherry, combined with NM treatment, yielded consistent optogenetic responsiveness in hiPSC-CMs. Differences between the <i>in vitro</i> and <i>in vivo</i> performance of AAV9 could be correlated to robust LamR expression in the intact heart (neonatal rat hearts as well as adult human and rat hearts), but no expression <i>in vitro</i> in cultured cells (primary rat cells and hiPS-CMs). The dynamic nature of LamR expression and its dependence on environmental factors was further corroborated in intact adult human ventricular tissue. The combined transgene expression and cell surface receptor data may explain the preferential efficiency of AAV1/6 <i>in vitro</i> and AAV9 <i>in vivo</i> for cardiac delivery and mechanistic knowledge of their action can help guide cardiac optogenetic efforts. More broadly, these findings are relevant to future efforts in gene therapy for cardiac electrophysiology abnormalities <i>in vivo</i> as well as for genetic modifications of cardiomyocytes by viral means <i>in vitro</i> applications such as disease modeling or high-throughput drug testing.","['Ambrosi', 'Sadananda', 'Han']",2,9,"gene expression, transgene expression, systemic delivery","liver, heart, cardiac",12
30101537,Neuraminidase-mediated desialylation augments AAV9-mediated gene expression in skeletal muscle.,The journal of gene medicine,2018,"Following systemic delivery, AAV9-mediated gene expression is significantly increased in ischemic versus non-ischemic muscle, suggesting that AAV9 is an attractive vector for treating peripheral arterial disease. Potential mechanisms underlying ischemia-augmented expression include: (i) increased vascular permeability and (ii) ""unmasking"" of endogenous AAV9 receptors. In the present study, we aimed to reconstitute the ischemic induction of AAV9 in vivo, using local injection of histamine (to increase vascular permeability) and neuraminidase (to desialylate cell surface glycans). Bioassays were performed to optimize the effects of histamine and neuraminidase after intramuscular injection. Histamine and/or neuraminidase were then injected intramuscularly shortly before intravenous injection of an AAV9 vector expressing luciferase. Luciferase expression was serially assessed with bioluminescence imaging. At the end of the study, tissues were harvested for assays of luciferase activity and AAV9 genome copy number aiming to assess AAV-mediated gene expression and transduction, respectively. Intramuscular injection of either neuraminidase or neuraminidase plus histamine significantly increased both transduction and gene expression, whereas histamine alone had little effect. Pre-injection with neuraminidase increased AAV9-mediated gene delivery by four- to nine-fold and luciferase activity by 60-100-fold. Luciferase activity in neuraminidase-injected muscle was > 100-fold higher than in any off-target tissue (including heart, liver and brain). The ischemic induction of AAV9-mediated gene expression in muscle can largely be reconstituted by pre-injecting neuraminidase intranmuscularly. This strategy may prove useful in future human gene therapy protocols as a quick and efficient means to selectively target systemically injected AAV9 to localized regions of muscle, thus decreasing the potential for adverse effects in off-target tissues.","['Zhu', 'Wang', 'John Lye']",2,9,"transduction, gene expression, systemic delivery","liver, brain, muscle, heart, skeletal muscle",12
41279146,Adeno-Associated Virus-Induced Neurotoxicity is Prevented by CpG Depletion.,bioRxiv : the preprint server for biology,2025,"Adeno-associated viruses (AAVs) are the vector of choice for gene delivery to the nervous system. While AAVs have a strong safety profile, recent studies show that AAV causes dendritic loss and synaptic weakening in mouse somatosensory cortex, impacts that are prevented by systemic administration of blockers of Toll-like receptor 9 (TLR9), an innate immunoreceptor that detects unmethylated cytosine-guanine (CpG) motifs. However, TLR9 blockers are immunosuppressive and costly. To realize AAV's full potential, it is critical to identify strategies to protect neurons without compromising immunity. Here we find that partially depleting CpG motifs from the AAV genome prevents AAV-induced dendritic loss and synaptic weakening. CpG depletion of transgene and intronic regions via codon-optimized synonymous mutations was protective and did not impair transgene expression <i>in vivo</i> . To facilitate the production and use of lower-CpG AAVs, we created a web-facing application, CpG-Assist Tool (CpG-AT), which allows researchers to quantify the CpG content of any sequence, explore the CpG content of commonly used AAV components, and generate CpG-depleted coding and non-coding sequences. This study identifies CpG depletion as a practical strategy to prevent AAV-induced neural circuit disruption, and provides tools to facilitate CpG reduction to enhance the safety and efficacy of AAV-mediated gene delivery.","['Dunn', 'Carvajal', 'Ma']",2,7,"gene expression, transgene expression","liver, neural, cortex",12
37626720,Recent Advancements in AAV-Vectored Immunoprophylaxis in the Nonhuman Primate Model.,Biomedicines,2023,"Monoclonal antibodies (mAbs) are important treatment modalities for preventing and treating infectious diseases, especially for those lacking prophylactic vaccines or effective therapies. Recent advances in mAb gene cloning from naturally infected or immunized individuals has led to the development of highly potent human mAbs against a wide range of human and animal pathogens. While effective, the serum half-lives of mAbs are quite variable, with single administrations usually resulting in short-term protection, requiring repeated doses to maintain therapeutic concentrations for extended periods of time. Moreover, due to their limited time in circulation, mAb therapies are rarely given prophylactically; instead, they are generally administered therapeutically after the onset of symptoms, thus preventing mortality, but not morbidity. Adeno-associated virus (AAV) vectors have an established record of high-efficiency in vivo gene transfer in a variety of animal models and humans. When delivered to post-mitotic tissues such as skeletal muscle, brain, and heart, or to organs in which cells turn over slowly, such as the liver and lungs, AAV vector genomes assume the form of episomal concatemers that direct transgene expression, often for the lifetime of the cell. Based on these attributes, many research groups have explored AAV-vectored delivery of highly potent mAb genes as a strategy to enable long-term expression of therapeutic mAbs directly in vivo following intramuscular or intranasal administration. However, clinical trials in humans and studies in nonhuman primates (NHPs) indicate that while AAVs are a powerful and promising platform for vectored immunoprophylaxis (VIP), further optimization is needed to decrease anti-drug antibody (ADA) and anti-capsid antibody responses, ultimately leading to increased serum transgene expression levels and improved therapeutic efficacy. The following review will summarize the current landscape of AAV VIP in NHP models, with an emphasis on vector and transgene design as well as general delivery system optimization. In addition, major obstacles to AAV VIP, along with implications for clinical translation, will be discussed.","['Campbell', 'Goens', 'Cao']",2,7,"gene expression, transgene expression","liver, brain, muscle, heart, lung",12
40667316,"Combining Machine Learning and Multiplexed, <i>In Situ</i> Profiling to Engineer Cell Type and Behavioral Specificity.",bioRxiv : the preprint server for biology,2025,"A promising strategy for the precise control of neural circuits is to use <i>cis</i>-regulatory enhancers to drive transgene expression in specific cells. However, enhancer discovery faces key challenges: low <i>in vivo</i> success rates, species-specific differences in activity, challenges with multiplexing adeno-associated viruses (AAVs), and the lack of spatial detail from single-cell sequencing. In order to accelerate enhancer discovery for the dorsal spinal cord-a region critical for pain and itch processing-we developed an end-to-end platform, ESCargoT (<i>Engineered Specificity of Cargo Transcription</i>), combining machine learning (ML)-guided enhancer prioritization, modular AAV assembly, and multiplexed, <i>in situ</i> screening. Using cross-species chromatin accessibility data, we trained ML models to predict enhancer activity in oligodendrocytes and in 15 dorsal horn neuronal subtypes. We first demonstrated that an initial enhancer, Excit-1, targeted excitatory dorsal horn neurons and drove reversal of mechanical allodynia in an inflammatory pain model. To enable parallel profiling of a 27-enhancer-AAV library delivered intraspinally in mice, we developed a Spatial Parallel Reporter Assay (SPRA) by integrating a novel Golden-Gate assembly pipeline with multiplexed, <i>in situ</i> screening. Regression adjustment for spatial confounding enabled specificity comparisons between enhancers, demonstrating the ability to screen enhancers targeting diverse cell types (oligodendrocytes, motoneurons, dorsal neuron subtypes) in one experiment. We then validated two candidates, targeting Exc-LMO3 and Exc-SKOR2 neurons, respectively. In a companion paper by Noh <i>et al</i>, our colleagues show that the functional specificity of the Exc-SKOR2-targeting enhancer, unlike Excit-1, is capable of blocking the sensation of chemical itch in mice. These enhancers were derived from the macaque genome but displayed functional sensitivity in mice. This platform enables spatially resolved, multiplexed <i>in vivo</i> enhancer profiling to accelerate discovery of cell-targeting tools and gene therapy development.","['Leone', 'van de Weerd', 'Brown']",2,7,"gene expression, transgene expression","liver, neural, spinal cord",12
38270116,NeuroD1 Regulated Endothelial Gene Expression to Modulate Transduction of AAV-PHP.eB and Recovery Progress after Ischemic Stroke.,Aging and disease,2023,"AAV-PHP.eB depends on endothelial cells to highly transduce the central nervous system (CNS) and is widely used for intravenous gene therapy. However, the transduction profile and therapeutic efficiency after endothelial cell injury such as ischemic stroke is largely unknown. In this study, we tested the transduction profiles of AAV-PHP.eB and developed intravenous NeuroD1 gene therapy to treat ischemic stroke in mice. We found that AAV-PHP.eB-GFP control virus crossed the BBB and infected brain cells efficiently in normal brain. However, after stroke, AAV-PHP.eB-GFP control virus was highly restricted in the blood vessels. Surprisingly, after switching to therapeutic vector AAV-PHP.eB-NeuroD1-GFP, the viral vector successfully crossed blood vessels and infected brain cells. Using Tie2-cre transgenic mice, we demonstrated that NeuroD1 regulated endothelial gene expression to modulate AAV-PHP.eB transduction. Following the changes of signaling pathways in endothelial cells, NeuroD1 effectively protected BBB integrity, attenuated neuroinflammation, inhibited neuron apoptosis and rescued motor deficits after ischemic stroke. Moreover, NeuroD1 over-expression in brain cells further promoted neural regeneration. These results indicate that intravenous gene therapy using AAV-PHP.eB for ischemic stroke differs from intracranial gene therapy and NeuroD1 intravenous delivery using AAV-PHP.eB efficiently rescue both vascular damage and neuronal loss, providing an advancing therapeutic treatment for stroke.","['He', 'Wang', 'Wang']",2,7,"transduction, gene expression","liver, brain, neural",12
35190665,"Intersectional, anterograde transsynaptic targeting of neurons receiving monosynaptic inputs from two upstream regions.",Communications biology,2022,"A brain region typically receives inputs from multiple upstream areas. However, currently, no method is available to selectively dissect neurons that receive monosynaptic inputs from two upstream regions. Here, we developed a method to genetically label such neurons with a single gene of interest in mice by combining the anterograde transsynaptic spread of adeno-associated virus serotype 1 (AAV1) with intersectional gene expression. Injections of AAV1 expressing either Cre or Flpo recombinases and the Cre/Flpo double-dependent AAV into two upstream regions and the downstream region, respectively, were used to label postsynaptic neurons receiving inputs from the two upstream regions. We demonstrated this labelling in two distinct circuits: the retina/primary visual cortex to the superior colliculus and the bilateral motor cortex to the dorsal striatum. Systemic delivery of the intersectional AAV allowed the unbiased detection of the labelled neurons throughout the brain. This strategy may help analyse the interregional integration of information in the brain.","['Kitanishi', 'Tashiro', 'Kitanishi']",2,7,"gene expression, systemic delivery","liver, brain, cortex, striatum",12
40833809,The Immunogenicity of AAV-Encoded HIV-1 bNAbs in Rhesus Macaques Is Unaffected by a Short Course of the Immunomodulator CTLA4Ig.,AIDS research and human retroviruses,2025,"Adeno-associated virus (AAV)-vectored delivery of HIV-1 broadly neutralizing antibodies (bNAbs) holds promise for achieving durable HIV-1 immunity in a practical and scalable way, yet AAV-encoded bNAbs often elicit antidrug antibody (ADA) responses that limit transgene expression. Engagement of T cell-expressed CD28 with its ligands CD80/CD86 on professional antigen-presenting cells is crucial for initiating adaptive immunity. Because the immunoglobulin-fusion protein CTLA4Ig can outcompete CD28 for binding to CD80/CD86, CTLA4Ig can inhibit T cell activation and prevent immune responses. Hence, we hypothesized that co-delivering CTLA4Ig during AAV/bNAb administration would prevent ADAs in primates. Six rhesus macaques (RMs) were treated intramuscularly with AAV-1 vectors encoding ""rhesusized"" (rh) versions of the bNAbs 3BNC117 (IgG1) and 10-1074 (IgG2). The experimental monkeys (<i>n</i> = 3) were dosed intravenously with 20 mg/kg of rh-CTLA4Ig on days 0, 2, 7, and 14, while the control animals (<i>n</i> = 3) did not receive any additional intervention. The experimental monkeys mounted ADAs that inhibited bNAb expression, albeit at different rates for rh-3BNC117-IgG1 (66%) and rh-10-1074-IgG2 (33%). In the control group, the incidence of ADAs leading to loss of bNAb expression was 100% for rh-3BNC117-IgG1 and 0% for rh-10-1074-IgG2. There was no significant difference between the groups in their cumulative levels of ADAs or bNAb expression measured over 20 weeks. Despite the development of ADAs against rh-3BNC117-IgG1 in five out of six animals, and in one out of six against rh-10-1074-IgG2, macaques in both groups exhibited minimal T cell responses to both bNAbs. AAV-1 capsid-specific CD4<sup>+</sup> T cells trended higher in the control animals. In conclusion, a short course rh-CTLA4Ig did not significantly reduce the immunogenicity of AAV-encoded bNAbs in RMs. Although our study was not powered to detect marginal effects, robust improvements in AAV-driven expression of hypermutated HIV-1 bNAbs may require combination approaches, such as multiple co-stimulation blockers, pharmacological immunosuppression, and/or muscle-specific promoters.","['Hahn', 'Shandilya', 'da Costa']",2,6,"gene expression, transgene expression","liver, muscle",11
39771498,The Intra-Articular Delivery of a Low-Dose Adeno-Associated Virus-IL-1 Receptor Antagonist Vector Alleviates the Progress of Arthritis in an Osteoarthritis Rat Model.,Pharmaceutics,2024,"<b>Background/Objectives:</b> Interleukin-1 (IL-1) is a pivotal mediator in the pathological progression of osteoarthritis (OA), playing a central role in disease progression. However, the rapid clearance of IL-1 receptor antagonist (IL-1Ra) from the joints may hinder the efficacy of intra-articular IL-1Ra injections in reducing OA-associated pain or cartilage degradation. <b>Methods:</b> Sustaining sufficient levels of IL-1Ra within the joints via adeno-associated virus (AAV)-mediated gene therapy presents a promising therapeutic strategy for OA. In this study, we constructed an IL-1Ra expression cassette employing intron insertion in the coding sequence (CDS) region to enhance protein expression levels. Furthermore, we incorporated precisely targeted liver-specific microRNA (miRNA) sequences to specifically downregulate transgene expression within hepatic tissues, thereby ensuring more targeted and controlled regulation of gene expression. <b>Results:</b> A rat model of OA was employed to compare the efficacy of AAV5 and AAV9 for IL-1Ra delivery at both high and low doses. It was observed that low-dose, but not high-dose, AAV9-IL-1Ra resulted in a significant reduction in joint swelling, accompanied by a decrease in the diameter of the affected area and the preservation of biomarkers associated with trabecular bone integrity. <b>Conclusions:</b> These results highlight the great potential of AAV9-IL-1Ra in osteoarthritis therapy, with the promise of achieving long-term improvement through a single intra-articular injection.","['Luo', 'Jiang', 'Li']",2,6,"gene expression, transgene expression","liver, hepatic",11
34493365,Intra-tracheal delivery of AAV6 vectors results in sustained transduction in murine lungs without genomic integration.,Gene,2020,"Despite the progress made in AAV-based gene therapy targeting different organ systems, lung-targeted gene therapy using AAV vectors has not been effective, mostly due to the poor transduction and un-sustained gene expression in airway epithelium. Furthermore, concerns over possible harmful insertional mutagenesis seen in other cell types, particularly hepatocytes, raised a question about AAV safety. In this study, we evaluate the long-term persistence of this vector in mouse lungs and any possible harmful integration of these vectors into the host genome. AAV6 vectors expressing reporter gene (firefly luciferase) were delivered to the lungs of C57BL/6 mice through intra-tracheal intubation. Despite the large variation among individual animals, most animals had high and sustained luciferase activity with a peak from 2 to 3 weeks post-transduction before a significant decline between 15 and 19 weeks post-transduction. More importantly, even after its decline, most animals maintained detectable luciferase expression for 150 days or more, which was confirmed by post-necropsy qPCR analysis of luciferase gene expression. At the termination point of experiments, an average of one copy of AAV expression cassette per mouse genome was detected. We also found that partial overlaps between the AAV6 expression cassette and the mouse genome were distributed broadly with no apparent systematic preference in any mouse chromosomal map location. In summary, our data suggest that AAV6 mediated long-term gene expression in the lungs with no evidence of genomic integration, and thus, any insertional mutagenesis.","['Colon-Cortes', 'Hasan', 'Aslanidi']",2,6,"transduction, gene expression","liver, lung",11
36423822,Optogenetic activation of the tongue in spontaneously breathing mice.,Respiratory physiology & neurobiology,2023,"Inadequate tongue muscle activation contributes to dysarthria, dysphagia, and obstructive sleep apnea. Thus, treatments which increase tongue muscle activity have potential clinical benefit. We hypothesized that lingual injection of an adeno-associated virus (AAV) encoding channelrhodopsin-2 (ChR2) would enable light-induced activation of tongue motor units during spontaneous breathing. An AAV serotype 9 vector (pACAGW-ChR2-Venus-AAV9, 8.29 × 10<sup>11</sup> vg) was injected to the posterior tongue in adult C57BL/6J mice. After 12 weeks, mice were anesthetized and posterior tongue electromyographic (EMG) activity was recorded during spontaneous breathing; a light source was positioned near the injection site. Light-evoked EMG responses increased with the intensity and duration of pulses. Stimulus trains (250 ms) evoked EMG bursts that were comparable to endogenous (inspiratory) tongue muscle activation. Histology confirmed lingual myofiber transgene expression. We conclude that intralingual AAV9-ChR2 delivery enables light evoked lingual EMG activity. These proof-of-concept studies lay the groundwork for clinical application of this novel approach to lingual therapeutics.","['Singer', 'Benevides', 'Rana']",2,6,"gene expression, transgene expression","liver, muscle",11
35985893,Multimodal imaging of capsid and cargo reveals differential brain targeting and liver detargeting of systemically-administered AAVs.,Biomaterials,2022,"The development of gene delivery vehicles with high organ specificity when administered systemically is a critical goal for gene therapy. We combine optical and positron emission tomography (PET) imaging of 1) reporter genes and 2) capsid tags to assess the temporal and spatial distribution and transduction of adeno-associated viruses (AAVs). AAV9 and two engineered AAV vectors (PHP.eB and CAP-B10) that are noteworthy for maximizing blood-brain barrier transport were compared. CAP-B10 shares a modification in the 588 loop with PHP.eB, but also has a modification in the 455 loop, added with the goal of reducing off-target transduction. PET and optical imaging revealed that the additional modifications retained brain receptor affinity. In the liver, the accumulation of AAV9 and the engineered AAV capsids was similar (∼15% of the injected dose per cc and not significantly different between capsids at 21 h). However, the engineered capsids were primarily internalized by Kupffer cells rather than hepatocytes, and liver transduction was greatly reduced. PET reporter gene imaging after engineered AAV systemic injection provided a non-invasive method to monitor AAV-mediated protein expression over time. Through comparison with capsid tagging, differences between brain localization and transduction were revealed. In summary, AAV capsids bearing imaging tags and reporter gene payloads create a unique and powerful platform to assay the pharmacokinetics, cellular specificity and protein expression kinetics of AAV vectors in vivo, a key enabler for the field of gene therapy.","['Seo', 'Ajenjo', 'Wu']",2,6,"transduction, systemic injection","liver, brain",11
41030970,Symptomatic treatment by a BBB-permeable AAV engineered to restore TDP-43 function slows motor neuron disease and prevents paralysis.,bioRxiv : the preprint server for biology,2025,"TAR DNA-binding protein 43kDa (TDP-43) dysfunction is an early pathogenic mechanism that underlies amyotrophic lateral sclerosis (ALS), a devastating neurodegenerative disorder that lacks disease modifying therapies. We previously developed a mouse model in which TDP-43 is selectively deleted from motor neurons (<i>ChAT-Cre;Tardbp</i> <sup><i>f/f</i></sup> ) that mimics the early stages of ALS. Here, we demonstrate that intravenous delivery of a blood-brain-barrier (BBB) permeable AAV capsid expressing our rationally designed splicing repressor CTR (AAV-PHP.eB-CTR) in symptomatic <i>ChAT-Cre;Tardbp</i> <sup><i>f/f</i></sup> mice markedly slowed disease progression and prevented paralysis. Systemic delivery of AAV-PHP.eB-CTR led to transduction of ~80% of spinal motor neurons, repression of TDP-43-associated cryptic exons within motor neurons expressing CTR, and attenuation of motor neuron loss. Notably, the addition of the <i>TARDBP</i> 3'UTR autoregulatory element to CTR maintained its expression within a physiological range. In control littermates that received AAV-PHP.eB-CTR and were monitored for >20 months, grip strength and body weight remained normal, and no histopathological abnormalities were observed, underscoring a favorable safety profile for this gene therapy. These results provide preclinical proof-of-concept that BBB-crossing AAV delivery of CTR can rescue motor neuron disease through the restoration of TDP-43 function, offering a promising mechanism-based therapeutic strategy for ALS.","['Peethambaran Mallika', 'Yu', 'Sitzman']",2,6,"transduction, systemic delivery","liver, brain",11
30774140,"Production, Purification, and Quality Control for Adeno-associated Virus-based Vectors.",Journal of visualized experiments : JoVE,2019,"Gene delivery tools based on adeno-associated viruses (AAVs) are a popular choice for the delivery of transgenes to the central nervous system (CNS), including gene therapy applications. AAV vectors are non-replicating, able to infect both dividing and non-dividing cells and provide long-term transgene expression. Importantly, some serotypes, such as the newly described PHP.B, can cross the blood-brain-barrier (BBB) in animal models, following systemic delivery. AAV vectors can be efficiently produced in the laboratory. However, robust and reproducible protocols are required to obtain AAV vectors with sufficient purity levels and titer values high enough for in vivo applications. This protocol describes an efficient and reproducible strategy for AAV vector production, based on an iodixanol gradient purification strategy. The iodixanol purification method is suitable for obtaining batches of high-titer AAV vectors of high purity, when compared to other purification methods. Furthermore, the protocol is generally faster than other methods currently described. In addition, a quantitative polymerase chain reaction (qPCR)-based strategy is described for a fast and accurate determination of the vector titer, as well as a silver staining method to determine the purity of the vector batch. Finally, representative results of gene delivery to the CNS, following systemic administration of AAV-PHP.B, are presented. Such results should be possible in all labs using the protocols described in this article.","['Fripont', 'Marneffe', 'Marino']",2,8,"gene expression, transgene expression, systemic delivery","liver, brain",11
37806248,AAV-mediated skeletal muscle specific irisin expression does not contribute to weight loss in mice.,Biochemical and biophysical research communications,2023,"Obesity, a chronic disease, significantly increases the risk of various diseases, including diabetes, cardiovascular diseases, and cancers. Exercise is crucial for weight management not only through energy expenditure by muscle activity but also through stimulating the secretion of myokines, which affect various tissues. Irisin, derived from the proteolytic processing of fibronectin type III domain-containing protein 5 (Fndc5), is a well-studied myokine with beneficial effects on metabolism. This study explored the feasibility of adeno-associated virus (AAV)-mediated Fndc5 gene therapy to treat obesity in a mouse model using the AAV-DIO system to express Fndc5 specifically in skeletal muscle, and investigated its anti-obesity effect. Although Fndc5 was specifically expressed in the muscle, no significant impact on body weight under normal chow or high-fat diets was observed, and no change in thermogenic gene expression in inguinal white adipose tissue was detected. Notably, Fndc5 transduction did affect bone metabolism, consistent with previous reports. These findings suggest that AAV-mediated Fndc5 gene therapy may not be an efficient strategy for obesity, contrary to our expectations. Further research is needed to elucidate the complex mechanisms involved in irisin's role in obesity and related disorders.","['Bagon', 'Lee', 'Matienzo']",2,6,"transduction, gene expression","muscle, skeletal muscle",11
34605404,Parallel functional testing identifies enhancers active in early postnatal mouse brain.,eLife,2021,"Enhancers are <i>cis</i>-regulatory elements that play critical regulatory roles in modulating developmental transcription programs and driving cell-type-specific and context-dependent gene expression in the brain. The development of massively parallel reporter assays (MPRAs) has enabled high-throughput functional screening of candidate DNA sequences for enhancer activity. Tissue-specific screening of in vivo enhancer function at scale has the potential to greatly expand our understanding of the role of non-coding sequences in development, evolution, and disease. Here, we adapted a self-transcribing regulatory element MPRA strategy for delivery to early postnatal mouse brain via recombinant adeno-associated virus (rAAV). We identified and validated putative enhancers capable of driving reporter gene expression in mouse forebrain, including regulatory elements within an intronic <i>CACNA1C</i> linkage disequilibrium block associated with risk in neuropsychiatric disorder genetic studies. Paired screening and single enhancer in vivo functional testing, as we show here, represents a powerful approach towards characterizing regulatory activity of enhancers and understanding how enhancer sequences organize gene expression in the brain.","['Lambert', 'Su-Feher', 'Cichewicz']",2,6,"gene expression, tissue-specific","liver, brain",11
40357789,Expanding the Potential of Gene Therapy for Duchenne Muscular Dystrophy.,Current pharmaceutical design,2025,"Duchenne muscular dystrophy (DMD) is a severe X-linked neuromuscular disorder caused by mutations in the DMD gene, leading to progressive muscle degeneration, loss of ambulation, cardiomyopathy, and early mortality. While advances in multidisciplinary care and pharmacological interventions, including corticosteroids and exon-skipping therapies, have improved patient outcomes, current treatments primarily provide symptomatic relief without addressing the underlying genetic defect. Gene therapy has emerged as a promising approach to modify disease progression, particularly through the use of adeno-associated virus (AAV)-mediated delivery of micro-dystrophin constructs. These truncated genes retain essential functional domains, enabling the restoration of dystrophin expression within the packaging limits of AAV vectors. Early-phase clinical trials have demonstrated encouraging safety profiles and transgene expression; however, challenges such as immune responses, variability in functional improvement, and long-term durability remain. Recent innovations, including optimized AAV capsids, immunomodulatory strategies, and genome editing technologies like CRISPR-Cas9, are actively being explored to overcome these barriers. Additionally, scalable vector manufacturing and the integration of real-world data are essential for broader clinical translation. This review synthesizes current advancements, clinical milestones, and future directions in gene therapy for DMD, emphasizing the need for precise dosing, long-term efficacy, and equitable access to fully realize the therapeutic potential of these evolving strategies.","['Khan', 'Hussain']",2,6,"gene expression, transgene expression","liver, muscle",11
32904225,Intra-tracheal delivery of AAV6 vectors results in sustained transduction in murine lungs without genomic integration.,Gene: X,2020,"Despite the progress made in AAV-based gene therapy targeting different organ systems, lung-targeted gene therapy using AAV vectors has not been effective, mostly due to the poor transduction and un-sustained gene expression in airway epithelium. Furthermore, concerns over possible harmful insertional mutagenesis seen in other cell types, particularly hepatocytes, raised a question about AAV safety. In this study, we evaluate the long-term persistence of this vector in mouse lungs and any possible harmful integration of these vectors into the host genome. AAV6 vectors expressing reporter gene (firefly luciferase) were delivered to the lungs of C57BL/6 mice through intra-tracheal intubation. Despite the large variation among individual animals, most animals had high and sustained luciferase activity with a peak from 2 to 3 weeks post-transduction before a significant decline between 15 and 19 weeks post-transduction. More importantly, even after its decline, most animals maintained detectable luciferase expression for 150 days or more, which was confirmed by post-necropsy qPCR analysis of luciferase gene expression. At the termination point of experiments, an average of one copy of AAV expression cassette per mouse genome was detected. We also found that partial overlaps between the AAV6 expression cassette and the mouse genome were distributed broadly with no apparent systematic preference in any mouse chromosomal map location. In summary, our data suggest that AAV6 mediated long-term gene expression in the lungs with no evidence of genomic integration, and thus, any insertional mutagenesis.","['Colon-Cortes', 'Hasan', 'Aslanidi']",2,6,"transduction, gene expression","liver, lung",11
31810595,Dual-AAV delivery of large gene sequences to the inner ear.,Hearing research,2020,"Adeno-associated viruses (AAVs) are preferred vectors for gene replacement therapy, as they are non-pathogenic, non-inflammatory, induce stable transgene expression in terminally differentiated cells, and a series of natural and engineered capsid proteins can be employed to target the vectors to specific cells. Only one feature of AAVs is limiting: the low cargo capacity for foreign DNA, restricting their application to coding sequences of <4 kb. In the last decade, splitting larger cDNAs into two AAVs and co-transducing tissue with such dual-AAV vectors has shown to result in the expression of the full-length protein in different tissues like retina, muscle and liver. This is due to the intrinsic capability of the AAV genomes to undergo homologous recombination and/or head-to-tail multimerization in nuclei of target cells. Recently, two groups independently found that a dual-AAV approach successfully delivered the 6 kb full-length otoferlin cDNA into inner hair cells of otoferlin knock-out mice and restored hearing. These pioneering studies pave the way for gene therapeutics that use dual-AAV vectors to restore hearing in forms of deafness caused by mutations in large genes.",['Reisinger'],2,6,"gene expression, transgene expression","liver, muscle",11
39459842,Redundancy in Innate Immune Pathways That Promote CD8<sup>+</sup> T-Cell Responses in AAV1 Muscle Gene Transfer.,Viruses,2024,"While adeno-associated viral (AAV) vectors are successfully used in a variety of in vivo gene therapy applications, they continue to be hampered by the immune system. Here, we sought to identify innate and cytokine signaling pathways that promote CD8<sup>+</sup> T-cell responses against the transgene product upon AAV1 vector administration to murine skeletal muscle. Eliminating just one of several pathways (including DNA sensing via TLR9, IL-1 receptor signaling, and possibly endosomal sensing of double-stranded RNA) substantially reduced the CD8<sup>+</sup> T-cell response at lower vector doses but was surprisingly ineffective at higher doses. Using genetic, antibody-mediated, and vector engineering approaches, we show that blockade of at least two innate pathways is required to achieve an effect at higher vector doses. Concurrent blockade of IL-1R1 > MyD88 and TLR9 > MyD88 > type I IFN > IFNaR pathways was often but not always synergistic and had limited utility in preventing antibody formation against the transgene product. Further, even low-frequency CD8<sup>+</sup> T-cell responses could eliminate transgene expression, even in MyD88- or IL-1R1-deficient animals that received a low vector dose. However, we provide evidence that CpG depletion of vector genomes and including TLR9 inhibitory sequences can synergize. When this construct was combined with the use of a muscle-specific promoter, transgene expression in muscle was sustained with minimal local or systemic CD8<sup>+</sup> T-cell response. Thus, innate immune avoidance/blockade strategies by themselves, albeit helpful, may not be sufficient to prevent destructive cellular responses in muscle gene transfer because of the redundancy of immune-activating pathways.","['Li', 'Kumar', 'Cao']",2,6,"gene expression, transgene expression","muscle, skeletal muscle",11
41273639,Stereotaxic Injection of Lentiviral Vectors into the Primate Brain.,"Methods in molecular biology (Clifton, N.J.)",2026,"Nonhuman primates (NHPs) have been widely and crucially utilized as model animals for understanding mechanisms of various higher brain functions and pathomechanisms of neurological and psychiatric disorders, since their behaviors mimic those of humans in both normal and pathological states. To know how complex neural networks are involved in such behavioral states, it is essential to define the causal roles of specific pathways and neuron types that constitute these networks. Considering that genetically modified animals to be created through reproductive engineering are not commonly or readily available in NHPs, the gene transduction strategy via viral vectors is the only effective approach to the development of primate models. For this purpose, lentiviral vectors and adeno-associated virus vectors are mainly used. The ability of lentiviral vectors to insert longer sequences is advantageous for achieving cell-type-specific gene expression with the aid of promoters and enhancers. In addition, the use of envelopes that are derived from viruses exhibiting peculiar infection patterns or those being artificially modified is a powerful method for introducing foreign genes into specific cell populations. Furthermore, semipermanent gene expression via lentiviral vectors is an attractive feature for translational gene therapy research. This chapter will outline the stereotaxic injection of lentiviral vectors into the primate brain, primarily for neural network analysis.","['Inoue', 'Takada']",2,6,"transduction, gene expression","brain, neural",11
38936659,Liver matrin-3 protects mice against hepatic steatosis and stress response via constitutive androstane receptor.,Molecular metabolism,2024,"The prevalence of metabolic dysfunction-associated steatotic liver disease (MASLD) continues to rise with the increasing obesity epidemic. Rezdiffra as an activator of a thyroid hormone receptor-beta is the only Food and Drug Administration approved therapy. As such, there is a critical need to improve our understanding of gene expression regulation and signaling transduction in MASLD to develop new therapies. Matrin-3 is a DNA- and RNA-binding protein involved in the pathogenesis of human diseases. Here we examined its previously uncharacterized role in limiting hepatic steatosis and stress response via the constitutive androstane receptor (CAR). Matrin-3 floxed and liver-specific knockout mice were fed either a chow diet or 60 kcal% high-fat diet (HFD) for up to 16 weeks. The mice were euthanized for different analysis including liver histology, lipid levels, and gene expression. Bulk RNA-seq, bulk ATAC-seq, and single-nucleus Multiome were used to examine changes of transcriptome and chromatin accessibility in the liver. Integrative bioinformatics analysis of our data and publicly available datasets and different biochemical assays were performed to identify underlying the molecular mechanisms mediating matrin-3's effects. Liver-tropic adeno-associated virus was used to restore the expression of CAR for lipid, acute phase genes, and histological analysis. Matrin-3 expression is induced in the steatotic livers of mice. Liver-specific matrin-3 deletion exacerbated HFD-induced steatosis, acute phase response, and inflammation in the liver of female mice. The transcriptome and chromatin accessibility were re-programmed in the liver of these mice with signatures indicating that CAR signaling is dysregulated. Mechanistically, matrin-3 interacts with CAR mRNA, and matrin-3 deficiency promotes CAR mRNA degradation. Consequently, matrin-3 deletion impaired CAR signaling by reducing CAR expression. Matrin-3 levels positively correlate with CAR expression in human livers. Ces2a and Il1r1 were identified as new target genes of CAR. Interestingly, we found that CAR discords with the expression of its target genes including Cyp2b10 and Ces2a in response to HFD, indicating CAR signaling is dysregulated by HFD despite increased CAR expression. Dysregulated CAR signaling upon matrin-3 deficiency reduced Ces2a and de-repressed Il1r1 expression. CAR restoration partially abrogated the dysregulated gene expression, exacerbated hepatic steatosis, acute phase response, and inflammation in liver-specific matrin-3 knockout mice fed a HFD. Our findings demonstrate that matrin-3 is a key upstream regulator maintaining CAR signaling upon metabolic stress, and the matrin-3-CAR axis limits hepatic steatosis and stress response signaling that may give insights for therapeutic intervention.","['Cheng', 'Baki', 'Moran']",2,6,"transduction, gene expression","liver, hepatic",11
34040605,Cell-Mediated Immunity to NAGLU Transgene Following Intracerebral Gene Therapy in Children With Mucopolysaccharidosis Type IIIB Syndrome.,Frontiers in immunology,2021,"Mucopolysaccharidosis type IIIB syndrome (Sanfilippo disease) is a rare autosomic recessif disorder caused by mutations in the α-N-acetylglucosaminidase (NAGLU) gene coding for a lysosomal enzyme, leading to neurodegeneration and progressive deterioration of cognitive abilities in affected children. To supply the missing enzyme, several recent human gene therapy trials relied on the deposit of adeno-associated virus (AAV) vectors directly into the brain. We reported safety and efficacy of an intracerebral therapy in a phase 1/2 clinical trial (https://clinicaltrials.gov/ct2/show/NCT03300453), with a recombinant AAV serotype 2/5 (rAAV2/5) coding human NAGLU in four children with MPS IIIB syndrome receiving immunosuppression. It was reported that AAV-mediated gene therapies might elicit a strong host immune response resulting in decreased transgene expression. To address this issue, we performed a comprehensive analysis of cellular immunity and cytokine patterns generated against the therapeutic enzyme in the four treated children over 5.5 years of follow-up. We report the emergence of memory and polyfunctional CD4<sup>+</sup> and CD8<sup>+</sup> T lymphocytes sensitized to the transgene soon after the start of therapy, and appearing in peripheral blood in waves throughout the follow-up. However, this response had no apparent impact on CNS transgene expression, which remained stable 66 months after surgery, possibly a consequence of the long-term immunosuppressive treatment. We also report that gene therapy did not trigger neuroinflammation, evaluated through the expression of cytokines and chemokines in patients' CSF. Milder disease progression in the youngest patient was found associated with low level and less differentiated circulating NAGLU-specific T cells, together with the lack of proinflammatory cytokines in the CSF. Findings in this study support a systematic and comprehensive immunomonitoring approach for understanding the impact immune reactions might have on treatment safety and efficacy of gene therapies.","['Gougeon', 'Poirier-Beaudouin', 'Ausseil']",2,6,"gene expression, transgene expression","brain, cerebral",11
41456932,Modeling Obesity and Weight Loss in Mice Using Novel AAV Approaches.,"Obesity (Silver Spring, Md.)",2026,"This study utilized AAV gene delivery as an approach to induce and reverse hyperphagia in mice. We hypothesized that the delivery of orexigenic neuropeptides to the brain via AAV precipitates obesity and that the implementation of genetic switches to reverse transgene expression would elicit weight loss. We utilized capsid-modified AAV-PHP.eB and AAV-CAP.B10 to deliver AgRP, NPY, a leptin superantagonist, and ghrelin to the mouse brain. Cre-LoxP, TETOFF, and cumate expression systems were used to alter transgene expression. Delivery of three out of four orexigenic neuropeptides to the brain precipitated severe obesity. Cre-mediated excision of AgRP from the brain caused a return to baseline weight, confounded by tamoxifen-associated weight loss. Doxycycline-mediated suppression of AgRP in a TETOFF vector paused weight gain but did not elicit weight loss. Cumate induction of AgRP in the brain was unaffected by systemic administration, suggesting that cumate inadequately penetrates the blood-brain barrier. Brain-targeted delivery of orexigenic peptides induces obesity in mice. This allows for temporally controlled, convenient, and robust preclinical models of obesity. The implementation of genetic switches enabled suppression/removal of AgRP expression, but we unexpectedly observed that removal of hyperphagic stimuli does not elicit robust weight loss.","['Sellers', 'Brown', 'Khalil']",2,6,"gene expression, transgene expression","liver, brain",11
35976060,Chemogenetic activation of hypoglossal motoneurons in a mouse model of Pompe disease.,Journal of neurophysiology,2022,"Pompe disease is a lysosomal storage disease resulting from absence or deficiency of acid α-glucosidase (GAA). Tongue-related disorders including dysarthria, dysphagia, and obstructive sleep apnea are common in Pompe disease. Our purpose was to determine if designer receptors exclusively activated by designer drugs (DREADDs) could be used to stimulate tongue motor output in a mouse model of Pompe disease. An adeno-associated virus serotype 9 (AAV9) encoding an excitatory DREADD (AAV9-hSyn-hM3D(Gq)-mCherry, 2.44 × 10<sup>10</sup> vg) was administered to the posterior tongue of 5-7-wk-old Gaa null (<i>Gaa<sup>-/-</sup></i>) mice. Lingual EMG responses to intraperitoneal injection of saline or a DREADD ligand (JHU37160-dihydrochloride, J60) were assessed 12 wk later during spontaneous breathing. Saline injection produced no consistent changes in lingual EMG. Following the DREADD ligand, there were statistically significant (<i>P</i> < 0.05) increases in both tonic and phasic inspiratory EMG activity recorded from the posterior tongue. Brainstem histology confirmed mCherry expression in hypoglossal (XII) motoneurons in all mice, thus verifying retrograde movement of the AAV9 vector. Morphologically, <i>Gaa<sup>-/-</sup></i> XII motoneurons showed histological characteristics that are typical of Pompe disease, including an enlarged soma and vacuolization. We conclude that lingual delivery of AAV9 can be used to drive functional expression of DREADD in XII motoneurons in a mouse model of Pompe disease.<b>NEW & NOTEWORTHY</b> In a mouse model of Pompe disease, lingual injection of adeno-associated virus (AAV) serotype 9 encoding DREADD was histologically verified to produce transgene expression in hypoglossal motoneurons. Subsequent intraperitoneal delivery of a DREADD ligand stimulated tonic and phase tongue motor output.In a mouse model of Pompe disease, lingual injection of adeno-associated virus (AAV) serotype 9 encoding DREADD was histologically verified to produce transgene expression in hypoglossal motoneurons. Subsequent intravenous delivery of a DREADD ligand stimulated tonic and phase tongue motor output.","['Singer', 'Rana', 'Benevides']",2,6,"gene expression, transgene expression","liver, brain",11
30582449,Atrial-Specific Gene Delivery Using an Adeno-Associated Viral Vector.,Circulation research,2019,"Somatic overexpression in mice using an adeno-associated virus (AAV) as gene transfer vectors has become a valuable tool to analyze the roles of specific genes in cardiac diseases. The lack of atrial-specific AAV vector has been a major obstacle for studies into the pathogenesis of atrial diseases. Moreover, gene therapy studies for atrial fibrillation would benefit from atrial-specific vectors. Atrial natriuretic factor (ANF) promoter drives gene expression specifically in atrial cardiomyocytes. To establish the platform of atrial specific in vivo gene delivery by AAV-ANF. We constructed AAV vectors based on serotype 9 (AAV9) that are driven by the atrial-specific ANF promoter. Hearts from mice injected with AAV9-ANF-GFP (green fluorescent protein) exhibited strong and atrial-specific GFP expression without notable GFP in ventricular tissue. In contrast, similar vectors containing a cardiac troponin T promoter (AAV9-TNT4-GFP) showed GFP expression in all 4 chambers of the heart, while AAV9 with an enhanced chicken β-actin promoter (AAV-enCB-GFP) caused ubiquitous GFP expression. Next, we used Rosa26<sup>mT/mG</sup> (membrane-targeted tandem dimer Tomato/membrane-targeted GFP), a double-fluorescent Cre reporter mouse that expresses membrane-targeted tandem dimer Tomato before Cre-mediated excision, and membrane-targeted GFP after excision. AAV9-ANF-Cre led to highly efficient LoxP recombination in membrane-targeted tandem dimer Tomato/membrane-targeted green fluorescent protein mice with high specificity for the atria. We measured the frequency of transduced cardiomyocytes in atria by detecting Cre-dependent GFP expression from the Rosa26<sup>mT/mG</sup> allele. AAV9 dose was positively correlated with the number of GFP-positive atrial cardiomyocytes. Finally, we assessed whether the AAV9-ANF-Cre vector could be used to induce atrial-specific gene knockdown in proof-of-principle experiments using conditional JPH2 (junctophilin-2) knockdown mice. Four weeks after AAV9-ANF-Cre injection, a strong reduction in atrial expression of JPH2 protein was observed. Furthermore, there was evidence for abnormal Ca<sup>2+</sup> handling in atrial myocytes isolated from mice with atrial-restricted JPH2 deficiency. AAV9-ANF vectors produce efficient, dose-dependent, and atrial-specific gene expression following a single-dose systemic delivery in mice. This vector is a novel reagent for both mechanistic and gene therapy studies on atrial diseases.","['Ni', 'Scott', 'Campbell']",2,7,"gene expression, systemic delivery","liver, heart, cardiac",10
29545551,Non-invasive detection of adeno-associated viral gene transfer using a genetically encoded CEST-MRI reporter gene in the murine heart.,Scientific reports,2018,"Research into gene therapy for heart failure has gained renewed interest as a result of improved safety and availability of adeno-associated viral vectors (AAV). While magnetic resonance imaging (MRI) is standard for functional assessment of gene therapy outcomes, quantitation of gene transfer/expression relies upon tissue biopsy, fluorescence or nuclear imaging. Imaging of gene expression through the use of genetically encoded chemical exchange saturation transfer (CEST)-MRI reporter genes could be combined with clinical cardiac MRI methods to comprehensively probe therapeutic gene expression and subsequent outcomes. The CEST-MRI reporter gene Lysine Rich Protein (LRP) was cloned into an AAV9 vector and either administered systemically via tail vein injection or directly injected into the left ventricular free wall of mice. Longitudinal in vivo CEST-MRI performed at days 15 and 45 after direct injection or at 1, 60 and 90 days after systemic injection revealed robust CEST contrast in myocardium that was later confirmed to express LRP by immunostaining. Ventricular structure and function were not impacted by expression of LRP in either study arm. The ability to quantify and link therapeutic gene expression to functional outcomes can provide rich data for further development of gene therapy for heart failure.","['Meier', 'Gilad', 'Brandon']",2,7,"gene expression, systemic injection","heart, cardiac, myocardium",10
21746868,Intravenous administration of AAV2/9 to the fetal and neonatal mouse leads to differential targeting of CNS cell types and extensive transduction of the nervous system.,FASEB journal : official publication of the Federation of American Societies for Experimental Biology,2011,"Several diseases of the nervous system are characterized by neurodegeneration and death in childhood. Conventional medicine is ineffective, but fetal or neonatal gene therapy may provide an alternative route to treatment. We evaluated the ability of single-stranded and self-complementary adeno-associated virus pseudotype 2/9 (AAV2/9) to transduce the nervous system and target gene expression to specific neural cell types following intravenous injection into fetal and neonatal mice, using control uninjected age-matched mice. Fetal and neonatal administration produced global delivery to the central (brain, spinal cord, and all layers of the retina) and peripheral (myenteric plexus and innervating nerves) nervous system but with different expression profiles within the brain; fetal and neonatal administration resulted in expression in neurons and protoplasmic astrocytes, respectively. Neither single-stranded nor self-complementary AAV2/9 triggered a microglia-mediated immune response following either administration. In summary, intravenous AAV2/9 targets gene expression to specific neural cell types dependent on developmental stage. This represents a powerful tool for studying nervous system development and disease. Furthermore, it may provide a therapeutic strategy for treatment of early lethal genetic diseases, such as Gaucher disease, and for disabling neuropathies, such as preterm brain injury.","['Rahim', 'Wong', 'Hoefer']",2,9,"transduction, gene expression, intravenous administration","liver, brain, neural, spinal cord",9
30291583,Effects of Neutralizing Antibody Production on AAV-PHP.B-Mediated Transduction of the Mouse Central Nervous System.,Molecular neurobiology,2019,"Adeno-associated virus (AAV)-PHP.B, a capsid variant of AAV serotype 9, is highly permeable to the blood-brain barrier. A major obstacle to the systemic use of AAV-PHP.B is the generation of neutralizing antibodies (NAbs); however, temporal profiles of NAb production after exposure to AAV-PHP.B, and the influence on later AAV-PHP.B administration, remains unknown. To address these, AAV-PHP.Bs expressing either GFP or mCherry by neuron-specific or astrocyte-specific promoters were intravenously administered to mice at various intervals, and brain expression was examined. Injection of two AAV-PHP.Bs, separated temporally, showed that as little as a 1-day interval between injections resulted in a significant decrease in expression of the second transgene, with a complete loss of expression after 7 days, paralleling an increase in serum NAb titers. Brain parenchymal injection was explored to circumvent the presence of NAbs. Mice systemically pre-treated with an AAV-PHP.B were injected intra-cerebrally with an AAV-PHP.B expressing GFP. After 2 weeks, marked GFP expression in the cerebellum was evident, showing that pre-existing NAbs did not affect the AAV-PHP.B directly injected into the brain. In contrast, reversing the injection order, i.e., cerebellar injection followed by systemic injection, completely eliminated expression of the second transgene. We confirmed that intra-cerebellar injection produced NAbs in the serum, but not in the cerebrospinal fluid (CSF). Our results indicate that the preclusion of brain transduction by a second AAV-PHP.B administration begins from the first day following systemic injection and is established within 1 week. Serum NAbs can be avoided by directly injecting AAV-PHP.Bs into brain tissue.","['Shinohara', 'Konno', 'Nitta']",2,6,"transduction, systemic injection","brain, cerebral",9
19665222,The effect of osteoprotegerin gene modification on wear debris-induced osteolysis in a murine model of knee prosthesis failure.,Biomaterials,2009,"Using an in vivo adeno-associated virus (AAV)-mediated gene transfer technique, this study evaluated the therapeutic effects of an osteoprotegerin (OPG) transgene against orthopaedic wear debris-induced osteolysis in a long-term murine model. A titanium pin was surgically implanted into proximal tibia of Balb/c mice to mimic a weight-bearing knee arthroplasty, followed by an intra-articular challenge with Ti particles to provoke periprosthetic inflammation and osteolysis. rAAV-hOPG or AAV-LacZ vectors were injected into the prosthetic joint at 3 weeks post-op. The tissues were harvested at 2, 4, 12 and 24 weeks after transduction for histological and molecular analyses. Successful transgene expression at the local site was confirmed by real-time PCR and ELISA. Inflammatory pseudo-membranes were ubiquitously present at the interface between the Ti implant and the surrounding bone in both LacZ and virus-free control groups, while soft tissue was only observed sporadically at the bone-implant interface in the OPG group. A significant reduction in TRAP+ osteoclast numbers was observed in the OPG treatment group. MicroCT assessment indicated a marked reversal in the loss of peri-implant bone mineral density (BMD) in the OPG-transduced group, when compared with the LacZ and virus-free controls. Further, OPG gene modification appeared to reduce local bone collagen loss by a mean of 40%. Real-time PCR examination confirmed that in vivo OPG gene transfer dramatically influenced the periprosthetic tissue gene expression profiles by diminishing the mRNA expression of TNF, IL-1, CPK and RANKL. There were no transgene-associated toxic effects apparent during the experiment, and the PCR detection of transgenes in remote organs such as lungs, kidneys, liver, and muscle of contralateral limb were consistently negative. Overall, rAAV-mediated OPG gene transfer effectively reversed Ti-particle-induced bone resorption in this experimental model. The therapeutic effects may be due to the blockage of local osteoclastogenesis and possibly the down-regulation of RANKL expression.","['Zhang', 'Yu', 'Gong']",2,9,"transduction, gene expression, transgene expression","liver, muscle, lung, kidney",9
31606991,[The study of AAV9 expression in cochleae of mice at different ages].,Zhonghua er bi yan hou tou jing wai ke za zhi = Chinese journal of otorhinolaryngology head and neck surgery,2019,"<b>Objective:</b> To determine the extent of transfection and expression of adeno-associated virus (AAV) serotype 9 (AAV9) in the cochleae of mice at different ages. <b>Methods:</b> AAV9-green fluorescent protein (GFP) was inoculated into the cochlea of mice via the round window membrane (RWM) or through cochleostomy at different ages. Four groups were divided according to ages and injection sites: P1SM group, AAV9-GFP was delivered to the scala media by cochleostomy at postnatal day 1; P1RW group, AAV9-GFP was delivered to the scala tympani via RWM at postnatal day 1; P9RW group: AAV9-GFP was injected through RWM at postnatal day 9; and P30RW group, adult mice (P30) were injected through RWM. GFP expression in cochlear whole mount was analyzed and auditory brainstem response (ABR) tests were conducted one month after virus injection (for each animal, only left cochlea was injected and the right side was used as a control). GraphPad Prism 5 statistical software was used for data analysis. <b>Results:</b> All of inner hair cells (IHCs) and most of outer hair cells (OHCs) were transfected via two approaches at P1 injection. There was no significant difference in ABR threshold between injected ears and untreated ears (<i>P></i>0.05). All of the IHCs and parts of OHCs (69% in apical turn) were transfected via RWM at P9. The strongest GFP expression was observed near the apical turn. Cochlear inoculation via RWM at P30 led to transgene expression in only IHCs. The ABR threshold of injected ears in P9RW group and P30RW group was significantly higher than that of contralateral ears (<i>P<</i>0.01). <b>Conclusions:</b> AAV9 can be highly expressed in the inner and outer hair cells of the cochlea and hearing sensitivity can be preserved if virus injections are performed in neonatal mice. After AAV9 is transfected into the inner ear of adult mice, it is only expressed in the inner hair cells, which leads to the increase of the ABR response threshold of mice. Transfection efficiency is significant higher in neonate mice than in P9 and adult mice.","['Chen', 'Tang', 'Wang']",2,6,"gene expression, transgene expression","liver, brain",9
29690504,Selective Inhibition of Histone Deacetylation in Melanoma Increases Targeted Gene Delivery by a Bacteriophage Viral Vector.,Cancers,2018,"The previously developed adeno-associated virus/phage (AAVP) vector, a hybrid between M13 bacteriophage (phage) viruses that infect bacteria only and human Adeno-Associated Virus (AAV), is a promising tool in targeted gene therapy against cancer. AAVP can be administered systemically and made tissue specific through the use of ligand-directed targeting. Cancer cells and tumor-associated blood vessels overexpress the &alpha;<sub>&nu;</sub> integrin receptors, which are involved in tumor angiogenesis and tumor invasion. AAVP is targeted to these integrins via a double cyclic RGD4C ligand displayed on the phage capsid. Nevertheless, there remain significant host-defense hurdles to the use of AAVP in targeted gene delivery and subsequently in gene therapy. We previously reported that histone deacetylation in cancer constitutes a barrier to AAVP. Herein, to improve AAVP-mediated gene delivery to cancer cells, we combined the vector with selective adjuvant chemicals that inhibit specific histone deacetylases (HDAC). We examined the effects of the HDAC inhibitor C1A that mainly targets HDAC6 and compared this to sodium butyrate, a pan-HDAC inhibitor with broad spectrum HDAC inhibition. We tested the effects on melanoma, known for HDAC6 up-regulation, and compared this side by side with a normal human kidney HEK293 cell line. Varying concentrations were tested to determine cytotoxic levels as well as effects on AAVP gene delivery. We report that the HDAC inhibitor C1A increased AAVP-mediated transgene expression by up to ~9-fold. These findings indicate that selective HDAC inhibition is a promising adjuvant treatment for increasing the therapeutic value of AAVP.","['Campbell', 'Suwan', 'Waramit']",2,6,"gene expression, transgene expression","liver, kidney",9
22428010,"Impact of age at administration, lysosomal storage, and transgene regulatory elements on AAV2/8-mediated rat liver transduction.",PloS one,2012,"Liver-directed gene transfer is being investigated for the treatment of systemic or liver-specific diseases. Recombinant vectors based on adeno-associated virus serotype 8 (AAV2/8) efficiently transduce liver cells allowing long term transgene expression after a single administration in animal models and in patients.We evaluated the impact on AAV2/8-mediated rat liver transduction of the following variables: i) age at vector administration, ii) presence of lysosomal storage in liver cells, and iii) regulatory elements included in the transgene expression cassette. We found that systemic administration of AAV2/8 to newborn rats results in vector genome dilution and reduced transduction efficacy when compared to adult injected animals, presumably due to hepatocyte proliferation. Accumulation of glycosaminoglycans in lysosomes does not impact on levels and distribution of AAV2/8-mediated liver transduction. Transgene expression occurs in hepatocytes but not in Kupffer or liver endothelial cells when the liver-specific thyroxine-binding-globulin promoter is used. However, extra-hepatic transduction is observed in the spleen and kidney of animals injected at birth. The use of target sequences for the hematopoietic-specific microRNA miR142-3p does not improve liver transduction efficacy neither reduce immune responses to the lysosomal enzyme arylsulfatase B. The inclusion of a variant of the Woodchuck hepatitis virus post-transcriptional regulatory element (WPRE-m) decreases AAV2/8-mediated liver transduction levels.As AAV2/8-mediated liver gene transfer is entering in the clinical arena, these data will provide relevant information to the design of efficient AAV2/8-based therapeutic strategies.","['Cotugno', 'Annunziata', 'Barone']",2,9,"transduction, gene expression, transgene expression","liver, kidney, hepatic",9
17002653,Efficacy and safety of adeno-associated viral vectors based on serotype 8 and 9 vs. lentiviral vectors for hemophilia B gene therapy.,Journal of thrombosis and haemostasis : JTH,2007,"Adeno-associated viral (AAV) and lentiviral vectors are promising vectors for gene therapy for hemophilia because they are devoid of viral genes and have the potential for long-term gene expression. To compare the performance of different AAV serotypes (AAV8 and AAV9) vs. lentiviral vectors expressing factor (F) IX. AAV-based and lentiviral vectors were generated that express FIX from the same hepatocyte-specific expression cassette. AAV9 transduced the liver as efficiently as AAV8 and resulted in supra-physiological FIX levels (3000-6000% of normal) stably correcting the bleeding diathesis. Surprisingly, AAV9 resulted in unprecedented and widespread cardiac gene transfer, which was more efficient than with AAV8. AAV8 and AAV9 were not associated with any proinflammatory cytokine induction, in accordance with their minimal interactions with innate immune effectors. In contrast, lentiviral transduction resulted in modest and stable FIX levels near the therapeutic threshold (1%) and triggered a rapid self-limiting proinflammatory response (interleukin-6), which probably reflected their ability to efficiently interact with the innate immune system. AAV8 and 9 result in significantly higher FIX expression levels and have a reduced proinflammatory risk in comparison with lentiviral vectors. The unexpected cardiotropic properties of AAV9 have implications for gene therapy for heart disease.","['Vandendriessche', 'Thorrez', 'Acosta-Sanchez']",2,7,"transduction, gene expression","liver, heart, cardiac",7
16230483,Sustained whole-body functional rescue in congestive heart failure and muscular dystrophy hamsters by systemic gene transfer.,Circulation,2005,"The success of muscular dystrophy gene therapy requires widespread and stable gene delivery with minimal invasiveness. Here, we investigated the therapeutic effect of systemic delivery of adeno-associated virus (AAV) vectors carrying human delta-sarcoglycan (delta-SG) gene in TO-2 hamsters, a congestive heart failure and muscular dystrophy model with a delta-SG gene mutation. A single injection of double-stranded AAV serotype 8 vector carrying human delta-SG gene without the need of any physical or pharmaceutical interventions achieved nearly complete gene transfer and tissue-specific expression in the heart and skeletal muscles of the diseased hamsters. Broad and sustained (>12 months) restoration of the missing delta-SG gene in the TO-2 hamsters corrected muscle cell membrane leakiness throughout the body and normalized serum creatine kinase levels (a 50- to 100-fold drop). Histological examination revealed minimal or the absence of central nucleation, fibrosis, and calcification in the skeletal muscle and heart. Whole-body functional analysis such as treadmill running showed dramatic improvement, similar to the wild-type F1B hamsters. Furthermore, cardiac functional studies with echocardiography revealed significantly increased percent fractional shortening and decreased left ventricular end-diastolic and end-systolic dimensions in the treated TO-2 hamsters. The survival time of the animals was also dramatically extended. Systemic gene transfer of delta-SG by the AAV serotype 8 vector could effectively ameliorate cardiac and skeletal muscle pathology, profoundly improve cardiac and whole-body functions, and significantly prolong the lifespan of the treated TO-2 hamsters.","['Zhu', 'Zhou', 'Mori']",2,7,"tissue-specific, systemic delivery","liver, muscle, heart, cardiac, skeletal muscle",7
23560080,Evaluation of lateral spread of transgene expression following subretinal AAV-mediated gene delivery in dogs.,PloS one,2013,"Dog models with spontaneously occurring mutations in retinal dystrophy genes are an invaluable resource for preclinical development of retinal gene therapy. Adeno-associated virus (AAV) vectors have been most successful; to target the outer retina and RPE they are delivered by subretinal injection, causing a temporary retinal detachment with some potential for retinal morbidity. A recent reporter gene study using an AAV2/8 vector in dogs reported transgene expression beyond the boundary of the subretinal bleb. This could be a desirable feature which increases the area of retina treated while minimizing the retinal detachment and any associated morbidity. We performed a detailed study of the lateral spread of transgene expression beyond the subretinal injection site following subretinally delivered AAV vectors in normal dogs. Vectors expressed green fluorescent protein (GFP) using a small chicken beta-actin promoter. AAV2/2 (quadruple tyrosine to phenylalanine (Y-F) capsid mutant), self-complementary (sc) AAV2/8 (single Y-F capsid mutant) and a scAAV2/5 were used. We found that in all eyes GFP expression involved retina beyond the initial post-injection subretinal bleb boundary. In all eyes there was post-injection spread of the retinal detachment within the first 3 days post procedure and prior to retinal reattachment. In 11/16 eyes this accounted for the entire ""lateral spread"" of GFP expression while in 5/16 eyes a very slight extension of GFP expression beyond the final boundary of the subretinal bleb could be detected. All 3 AAV constructs induced GFP expression in the nerve fiber layer with spread to the optic nerve. Patients treated by subretinal injection should be monitored for possible expansion of the subretinal injection bleb prior to reattachment. Injections in the para-foveal region may expand to lead to a foveal detachment that may be undesirable. Cell-specific promoters may be required to limit spread of expressed transgene to the brain with these AAV serotypes.","['Bruewer', 'Mowat', 'Bartoe']",2,6,"gene expression, transgene expression","liver, brain",6
21430597,T2 imaging in monitoring of intraparenchymal real-time convection-enhanced delivery.,Neurosurgery,2011,"Real-time convection-enhanced delivery (RCD) of adeno-associated viral vectors by co-infusion of gadoteridol allows T1 magnetic resonance imaging (T1 MRI) prediction of areas of subsequent gene expression. The use of T2 MRI in RCD is less developed. In addition, the effect of flushing a dead-space volume on subsequent distribution of a therapeutic agent is not known. The value of T2 MRI in RCD was investigated by comparing distribution volumes of saline with immediately after T1 RCD of gadoteridol and by comparing T2, T1, and transgene distribution patterns after viral vector RCD. Adult nonhuman primates underwent saline infusion/T2 acquisition, immediately followed by gadoteridol infusion/T1 acquisition in the putamen and brainstem. Distribution volumes and spatial patterns were analyzed. Gadoteridol and adeno-associated virus encoding human aromatic l-amino acid decarboxylase (AAV2-hAADC) were co-infused under alternating T2/T1 acquisition in the thalamus, and hyperintense areas were compared with areas of subsequent transgene expression. Ratios of distribution volume to infusion volume were similar between saline and gadoteridol RCD. Spatial overlap correlated well between T2 and T1 images. The second infusate followed a spatiotemporal pattern similar to that of the first, filling the target area before developing extra-target distribution. Areas of human L-amino acid decarboxylase expression correlated well with areas of both T1 and T2 hyperintensity observed during RCD. Accuracy of cannula placement and initial infusate distribution may be safely determined by saline infusion without significantly altering the subsequent distribution of the tracer agent. T2 RCD provides detection of intraparenchymal convection- enhanced delivery in the uninjured brain and may predict subsequent distribution of a transgene after viral vector infusion.","['Richardson', 'Gimenez', 'Salegio']",2,6,"gene expression, transgene expression","liver, brain",6
